id,plateId,in,time_node_2,time_node_3,time_node_4,time_node_5,out
0,1N6AD0C,7:00:03,7:11:02,,7:42:11,,8:44:01
1,KNDMG4C,7:00:05,,7:47:46,,8:43:54,9:12:38
2,5LMJJ3J,7:00:08,7:08:12,,,8:15:32,8:42:42
3,WAUDF78,7:00:12,,7:47:53,,8:44:54,9:13:59
4,1FAHP3E,7:00:56,,7:52:36,,8:54:49,9:25:31
5,1G6DE8E,7:01:34,,7:58:06,,9:05:52,9:38:49
6,4T1BF1F,7:02:20,,7:48:40,7:57:56,,8:50:16
7,1N4AL2A,7:02:45,7:14:37,,,8:41:25,9:14:56
8,KL4CJBS,7:02:47,7:16:57,,7:55:46,8:27:41,8:58:20
9,5UXZV4C,7:02:51,,7:56:28,,9:00:14,9:31:30
10,2C4RVAA,7:03:37,,8:02:06,,9:11:11,9:44:54
11,WBA3T1C,7:04:10,,7:58:08,8:09:35,8:42:20,9:15:01
12,WAUDFBF,7:04:23,,7:51:24,8:01:07,,8:50:05
13,4T1BF1F,7:04:36,,7:53:50,8:00:29,8:22:37,8:52:07
14,3D7TT2C,7:07:58,7:15:18,,7:40:38,8:10:16,8:32:13
15,WBAXA5C,7:08:13,,8:04:05,,9:10:11,9:43:09
16,JM1NC2E,7:10:10,7:21:48,,7:55:01,8:30:59,9:04:31
17,3D73M4C,7:10:26,7:21:46,,7:54:59,,8:59:11
18,KMHGC4D,7:10:43,7:15:50,,7:35:58,8:05:19,8:32:42
19,WA1EY74,7:10:43,,8:04:12,8:17:53,8:55:09,9:29:08
20,WBALZ3C,7:10:49,7:18:45,,7:43:07,,8:36:45
21,1G6AB5R,7:11:10,,7:52:17,,8:42:27,9:08:29
22,WAUGGAF,7:11:16,,8:04:00,,9:07:04,9:38:59
23,JTDKDTB,7:11:32,,8:10:02,,9:20:24,9:54:01
24,WVGAV7A,7:11:47,,7:53:23,,8:45:08,9:08:33
25,WAUPFAF,7:11:58,7:17:59,,7:40:38,,8:31:53
26,2T1BURH,7:12:02,,8:07:15,,9:13:17,9:46:02
27,SALVP2B,7:12:27,,8:03:32,,9:04:38,9:34:59
28,1FTWF3B,7:12:29,7:21:25,,,8:27:07,8:56:31
29,WAUMFAF,7:12:58,,7:54:59,,8:45:14,9:11:16
30,5TDDK3D,7:13:05,,8:09:59,8:26:28,,9:30:52
31,5J8TB4H,7:13:23,,8:07:27,,9:13:17,9:45:20
32,WDDGF4H,7:13:26,7:23:35,,7:54:23,8:32:18,9:08:17
33,JTJBM7F,7:14:45,7:15:03,,7:26:27,,8:04:25
34,5GAKVDK,7:14:57,7:28:27,,,8:42:47,9:12:58
35,WDDGF4H,7:15:13,7:28:51,,8:05:48,,9:13:38
36,WUARU98,7:15:40,7:26:42,,7:59:03,,9:02:16
37,1G6DP8E,7:16:46,,8:08:50,,9:11:21,9:42:35
38,JTHBK1G,7:17:22,7:32:53,,8:13:26,8:45:46,9:16:56
39,4T1BF3E,7:17:53,7:28:09,,,8:39:55,9:11:30
40,1B3CB7H,7:18:20,7:27:24,,7:56:29,,8:55:00
41,2C3CA2C,7:18:40,,8:12:34,,9:15:52,9:47:20
42,WAUNF78,7:19:10,,8:14:25,,9:19:47,9:54:02
43,5UXXW3C,7:19:13,,8:11:06,,9:12:21,9:42:24
44,JH4NA21,7:19:39,7:29:10,,7:58:18,,8:58:04
45,3VW507A,7:19:41,,8:05:37,8:15:31,8:43:51,9:10:00
46,2G61R5S,7:19:42,7:29:40,,,8:30:09,8:59:14
47,1N6AA0C,7:19:43,7:33:21,,8:10:07,8:42:49,9:19:35
48,JN8AE2K,7:20:15,7:32:56,,8:07:52,,9:12:58
49,WBAUN7C,7:20:26,7:36:24,,8:16:53,,9:29:41
50,WAUFFAF,7:21:09,,8:17:10,,9:24:18,9:57:02
51,JTHBE1K,7:21:11,7:32:17,,8:04:28,8:36:14,9:11:08
52,3GYFK62,7:22:13,,8:16:44,,9:22:23,9:54:12
53,3D7LP2E,7:22:24,7:33:53,,8:06:16,,9:09:29
54,SAJWA2G,7:22:34,7:31:02,,,8:38:07,9:04:35
55,1G4PS5S,7:23:41,,8:10:16,,9:06:09,9:34:48
56,WBAGN63,7:24:14,,8:18:01,,9:21:38,9:52:39
57,WAUDFBF,7:24:30,,8:19:27,,9:24:16,9:55:46
58,5N1AA0N,7:24:44,,8:10:22,,9:05:03,9:32:45
59,1FTWW3B,7:25:05,7:35:08,,8:06:15,,9:07:25
60,3C63DRB,7:25:12,,8:11:20,8:20:43,,9:05:09
61,SCBCR63,7:26:29,7:38:11,,8:11:50,,9:15:41
62,1N4AB7A,7:27:07,7:32:14,,7:53:10,,8:41:49
63,WDCYC3H,7:27:13,,8:10:18,8:17:56,8:42:57,9:06:58
64,2C4RDGB,7:27:24,7:36:22,,8:03:45,,9:00:04
65,JTDBT4K,7:27:27,7:36:46,,8:05:28,,9:04:18
66,KL4CJES,7:27:40,7:34:38,,7:56:58,,8:48:16
67,2T1KE4E,7:27:41,,8:15:51,,9:14:21,9:43:24
68,WAURVAF,7:27:44,,8:20:26,,9:23:32,9:54:44
69,5FNYF3H,7:27:57,7:36:14,,8:03:57,,9:01:42
70,SCFFDCC,7:28:12,7:38:37,,8:08:39,,9:09:01
71,1LNHL9E,7:29:39,,8:13:26,,9:05:42,9:32:53
72,WUADUAF,7:31:11,7:44:28,,8:21:06,,9:28:42
73,3LN6L2G,7:31:30,,8:24:01,8:35:54,,9:44:05
74,2G4GR5E,7:31:48,,8:22:27,8:34:02,9:06:04,9:36:25
75,WBAYA8C,7:31:58,7:43:21,,8:17:06,8:53:01,9:27:18
76,JN8AZ2K,7:33:42,,8:29:46,,9:37:05,10:09:28
77,1FTMF1E,7:33:46,,8:19:43,,9:13:49,9:41:50
78,2T1KE4E,7:34:22,7:42:55,,,8:52:40,9:21:56
79,WBAPK5C,7:35:00,7:48:53,,,8:59:29,9:29:55
80,5TDDK3D,7:35:46,7:43:58,,8:10:45,,9:06:03
81,WAUEFAF,7:35:57,,8:20:00,,9:13:27,9:41:02
82,3VW517A,7:35:58,,8:26:21,,9:26:24,9:57:12
83,2C4JRGA,7:36:11,7:47:47,,8:21:35,,9:25:45
84,5N1AT2M,7:36:46,7:46:45,,8:15:46,8:37:37,9:06:55
85,1G6DV8E,7:36:46,,8:34:14,,9:44:10,10:18:05
86,WAUSF78,7:37:02,,8:28:43,,9:30:56,10:01:17
87,2G4GN5E,7:37:04,7:43:52,,8:07:07,8:35:46,9:01:27
88,WAUHFAF,7:37:17,,8:25:46,,9:23:19,9:53:07
89,WAUMFAF,7:38:03,,8:17:43,,9:07:24,9:28:39
90,1G4GE5G,7:38:32,,8:25:58,8:33:06,,9:32:48
91,WDDHF2E,7:38:44,,8:32:17,,9:37:05,10:08:16
92,1G4GC5G,7:39:00,,8:30:03,,9:32:32,10:03:03
93,3GYFNBE,7:41:19,7:47:46,,8:11:35,,9:03:49
94,2HNYD2H,7:41:42,7:53:00,,8:25:21,,9:28:11
95,1FTEX1E,7:41:43,7:55:10,,8:31:41,9:05:05,9:38:44
96,5GAER13,7:41:47,,8:43:17,,9:56:54,10:31:00
97,WP0AA2A,7:41:51,7:47:49,,8:08:50,,8:58:09
98,3GTU2YE,7:42:09,7:50:44,,8:17:45,,9:14:25
99,5UXFA93,7:42:13,7:53:24,,8:25:32,,9:28:01
100,1GYS4DE,7:42:50,7:50:52,,,8:46:26,9:14:13
101,1G6DJ1E,7:42:51,,8:34:42,,9:36:18,10:07:02
102,1FBSS3B,7:43:51,7:52:34,,8:19:11,,9:14:14
103,JH4NA12,7:44:39,7:55:00,,8:25:32,,9:25:53
104,WDDGF4H,7:44:57,,8:29:51,8:38:50,,9:32:28
105,19XFA1F,7:45:32,8:00:50,,8:41:45,,9:55:44
106,WBALL5C,7:45:48,7:55:15,,8:25:08,,9:24:57
107,WDDGF4H,7:45:52,7:53:38,,8:18:15,8:44:33,9:07:56
108,WA1DMAF,7:46:25,,8:33:41,8:43:22,9:13:19,9:42:01
109,1G6AS5S,7:46:33,,8:33:22,,9:28:37,9:57:25
110,WA1CGBF,7:46:51,7:55:39,,8:22:29,,9:18:12
111,WBANE53,7:47:01,7:56:32,,8:25:51,,9:25:34
112,2T3BF4D,7:47:20,7:58:55,,8:32:43,,9:36:26
113,WAUSFAF,7:47:58,7:57:24,,8:26:09,,9:24:57
114,3C4PDCG,7:49:31,,8:38:24,,9:36:49,10:06:44
115,2T3BF4D,7:49:51,,8:34:48,,9:28:42,9:56:40
116,SCFBF03,7:50:25,7:55:50,,8:17:11,8:45:39,9:11:35
117,WBANU5C,7:50:38,8:02:40,,8:38:06,9:10:13,9:50:10
118,1LNHL9D,7:50:38,7:59:03,,8:26:22,,9:22:45
119,WBAKE5C,7:50:47,,8:35:40,8:45:03,9:15:01,9:40:47
120,5N1AA0N,7:52:13,,8:42:45,,9:43:26,10:14:08
121,WBA3B9C,7:52:18,8:05:28,,8:41:50,9:11:51,9:44:29
122,WAUDH78,7:52:59,,8:53:43,,10:03:47,10:43:16
123,WBADT43,7:53:28,8:06:22,,8:41:58,9:18:36,9:52:59
124,JTDKDTB,7:53:32,,8:48:25,,9:54:24,10:25:43
125,WBANU53,7:53:42,8:03:17,,8:31:19,,9:29:36
126,2C3CCAR,7:53:43,8:04:16,,8:34:28,9:05:45,9:42:38
127,5N1AA0N,7:54:07,,8:38:38,,9:31:59,9:59:02
128,3FAHP0C,7:55:48,,8:44:44,8:54:05,9:22:56,9:51:36
129,5J8TB4H,7:56:23,8:10:45,,8:50:20,,10:01:56
130,JN1AZ4E,7:58:17,,8:40:01,,9:29:32,9:56:13
131,JTDKDTB,7:58:40,,8:41:22,,9:34:20,9:58:56
132,3TMJU4G,7:58:59,8:07:03,,8:34:12,,9:30:41
133,JM1NC2P,7:59:00,8:09:50,,8:41:46,9:13:29,9:43:44
134,5N1AN0N,7:59:04,,8:58:32,9:09:21,9:40:50,10:18:56
135,JTHBE5C,7:59:26,8:10:34,,,9:27:14,9:58:15
136,WDDDJ7C,7:59:32,,8:53:38,,9:59:02,10:31:13
137,TRUSC28,8:00:15,,8:53:46,,9:57:11,10:28:29
138,WA1WGAF,8:00:44,,8:54:22,,9:59:14,10:31:06
139,1GYUCJE,8:00:49,,8:45:15,,9:38:38,10:06:03
140,2T2BK1B,8:01:35,,8:52:17,9:03:59,,10:15:20
141,WUAUUAF,8:02:02,,8:55:35,9:05:43,9:37:42,10:11:19
142,WBANV13,8:02:06,8:10:44,,8:37:38,,9:34:32
143,1GD01ZC,8:02:24,8:12:32,,8:43:47,,9:45:37
144,SCBLF34,8:02:33,8:17:01,,8:55:48,,10:06:39
145,WAUKGBF,8:02:44,,8:43:30,,9:32:57,9:59:34
146,TRUWT28,8:03:57,8:17:26,,,9:35:56,10:08:49
147,JM1NC2M,8:04:10,,8:49:29,8:57:01,,9:51:57
148,WBAEP33,8:04:28,8:16:19,,8:50:04,9:25:11,9:59:14
149,1C4RDJD,8:04:32,8:13:15,,,9:13:58,9:42:04
150,3N1AB6A,8:04:35,8:14:50,,,9:30:32,10:00:43
151,3C6JR6C,8:05:05,,9:01:24,,10:08:52,10:41:03
152,KMHDB8A,8:05:15,8:21:46,,,9:37:08,10:07:37
153,1GYS3FE,8:05:20,,8:59:22,9:10:34,,10:17:04
154,1GKKRNE,8:05:21,8:11:24,,8:33:34,,9:25:20
155,2D4RN5D,8:05:50,,8:54:51,9:04:31,9:33:45,10:03:39
156,JM1DE1H,8:07:38,8:17:10,,8:47:01,,9:46:52
157,1GYFC53,8:08:47,8:17:54,,8:47:03,,9:46:06
158,WAUEKAF,8:09:52,,8:55:06,,9:50:51,10:19:21
159,1G4CW54,8:09:59,8:20:15,,8:51:48,,9:54:46
160,JM1GJ1T,8:10:16,8:21:08,,,9:38:29,10:11:03
161,5J8TB4H,8:10:45,8:18:04,,,9:21:00,9:48:15
162,KNALW4D,8:11:46,,9:02:02,,10:02:17,10:33:12
163,5YMGZ0C,8:11:53,,9:02:13,,10:02:41,10:33:31
164,WAUSH98,8:12:59,,9:04:37,9:17:23,9:52:21,10:23:25
165,SCFFDCC,8:13:17,,8:59:33,,9:55:48,10:23:38
166,1FMHK7B,8:13:40,8:25:48,,8:59:53,,10:04:40
167,1C6RD6P,8:14:15,,8:59:31,,9:55:20,10:21:48
168,19UUA9F,8:14:38,8:23:55,,8:52:57,9:22:05,9:49:40
169,WP1AE2A,8:15:00,8:25:41,,,9:36:21,10:06:25
170,1FTWW3D,8:15:23,8:26:56,,9:00:25,9:34:26,10:08:20
171,1N6AD0C,8:15:32,8:20:59,,8:42:56,,9:33:25
172,SCBBP93,8:16:09,,9:01:05,9:09:19,9:36:17,10:02:12
173,YV1982B,8:17:04,,9:11:13,,10:15:40,10:47:28
174,5BZAF0A,8:17:12,8:25:00,,,9:33:43,10:03:04
175,4A31K2D,8:17:42,,9:01:52,9:10:24,,10:02:55
176,3N6CM0K,8:18:50,8:27:57,,8:56:46,9:26:12,9:54:48
177,WDDGF4H,8:19:27,,9:03:10,,9:55:16,10:22:25
178,5FPYK1F,8:20:03,,9:18:54,,10:28:06,11:01:57
179,1FTEX1C,8:20:42,8:31:20,,,9:47:15,10:17:28
180,WAUVT58,8:20:52,,9:22:29,,10:36:06,11:10:58
181,JH4DC54,8:21:03,,9:15:48,9:28:44,,10:28:53
182,KMHFG4J,8:21:09,,9:05:03,,9:57:55,10:25:10
183,1FTWW3C,8:21:31,8:30:43,,9:00:17,,10:00:01
184,3LN6L2G,8:21:43,8:33:23,,9:06:03,9:37:27,10:15:04
185,WVGFF9B,8:21:51,8:31:45,,9:00:15,,9:59:10
186,4T1BF1F,8:23:40,,9:19:53,9:31:01,10:04:15,10:39:35
187,WAUVT58,8:23:49,8:33:45,,9:02:43,,10:01:29
188,3VW467A,8:24:50,,9:17:33,,10:19:34,10:51:30
189,JN1CV6A,8:24:56,8:36:41,,9:10:28,,10:14:38
190,WBANF33,8:25:36,,9:21:02,,10:27:35,11:00:31
191,1G6AE5S,8:26:12,,9:19:00,9:29:59,10:00:11,10:32:18
192,WDDPK4H,8:27:17,8:35:48,,9:03:15,,10:00:36
193,1FADP3E,8:27:25,8:35:23,,,9:39:15,10:03:40
194,1G6AA5R,8:27:39,,9:23:03,,10:28:49,11:03:10
195,WBA4A5C,8:27:43,,9:17:51,9:29:16,10:01:57,10:32:04
196,WAUJGAF,8:27:57,8:34:27,,8:58:25,,9:51:03
197,WA1AGAF,8:29:23,,9:17:42,9:25:34,,10:22:19
198,WAUEH78,8:29:41,8:43:25,,,9:55:42,10:29:30
199,SCFFDCC,8:30:03,8:41:33,,9:13:45,,10:16:58
200,WAUHE78,8:30:37,,9:25:48,,10:31:16,11:06:06
201,SCFFDCB,8:31:03,8:38:09,,9:02:21,9:32:01,9:56:29
202,2C3CCAA,8:31:14,,9:17:35,9:25:48,9:52:56,10:19:07
203,1G6DL8E,8:31:35,8:40:30,,9:07:11,9:29:05,9:57:35
204,1GTC5LF,8:31:56,,9:20:37,,10:19:36,10:47:49
205,KMHTC6A,8:32:09,8:41:01,,9:08:35,,10:04:55
206,KMHTC6A,8:32:55,,9:20:22,,10:17:03,10:45:55
207,WBAVT73,8:33:37,,9:23:56,9:36:01,,10:36:35
208,19VDE1F,8:33:58,,9:16:17,,10:07:55,10:35:33
209,19XFB4F,8:34:14,,9:28:19,9:39:31,10:13:21,10:47:32
210,YV426MD,8:35:10,8:43:56,,,9:47:53,10:15:12
211,1G4PR5S,8:35:21,,9:22:15,,10:18:36,10:47:05
212,WAUKF98,8:35:34,,9:17:09,,10:07:41,10:33:48
213,KNAGG4A,8:36:02,,9:24:25,,10:21:59,10:51:25
214,WBAFV3C,8:36:56,8:50:20,,9:26:33,,10:33:59
215,2G4WS55,8:37:13,8:46:18,,,9:54:56,10:23:18
216,5GADT13,8:37:13,8:47:51,,9:18:49,,10:19:04
217,JN8AZ1M,8:37:36,8:45:19,,9:10:42,,10:05:33
218,3C63D3K,8:38:03,8:49:17,,,10:11:02,10:46:09
219,WAUVC58,8:38:35,,9:20:48,,10:11:41,10:37:46
220,WAUWKAF,8:38:47,8:48:27,,9:17:33,,10:17:06
221,WAUMR94,8:39:17,,9:34:03,9:44:11,10:14:52,10:48:21
222,WAUMF68,8:39:44,,9:15:34,,9:59:05,10:22:15
223,1B3CC1F,8:40:27,,9:35:17,,10:40:24,11:12:18
224,SCBDC47,8:40:30,,9:39:38,,10:48:40,11:27:34
225,1GD02ZC,8:41:16,,9:31:09,,10:30:29,11:00:14
226,1G6D25E,8:41:34,8:49:45,,9:16:23,9:44:20,10:07:34
227,SCFFDAB,8:41:47,8:54:09,,9:28:16,,10:33:25
228,SAJWA4G,8:42:10,,9:29:07,,10:24:43,10:52:56
229,1N6AA0C,8:42:52,8:54:50,,9:27:57,,10:31:42
230,WBAXH5C,8:45:44,9:01:18,,9:41:52,,10:54:32
231,5FRYD3H,8:45:44,8:58:15,,9:34:14,,10:41:44
232,KNDJT2A,8:47:12,8:54:10,,9:16:55,9:35:38,10:00:49
233,1C6RD7N,8:47:12,,9:38:33,,10:40:09,11:10:49
234,5N1AN0N,8:47:14,8:56:01,,9:23:58,,10:20:04
235,4A4JM2A,8:48:21,8:58:31,,9:28:39,,10:28:48
236,1D4RE4G,8:48:36,,9:39:01,,10:39:11,11:09:54
237,3C4PDDG,8:49:16,,9:36:19,,10:33:28,11:01:31
238,JH4CL95,8:49:18,9:04:04,,9:42:57,,10:53:20
239,WBALX3C,8:49:45,,9:45:06,9:55:33,,10:59:29
240,3D7TT2H,8:49:53,,9:36:58,,10:34:31,11:01:55
241,WVGAV3A,8:50:16,8:59:25,,9:28:29,9:57:23,10:19:12
242,WAUBF78,8:50:21,,9:38:42,9:48:07,10:17:06,10:45:48
243,WBAAV33,8:50:25,9:04:45,,,10:15:17,10:46:57
244,1GKS1FF,8:50:29,9:04:55,,9:43:08,,10:52:15
245,1G6DR57,8:50:30,8:59:50,,9:28:53,,10:28:45
246,VNKJTUD,8:50:32,8:57:25,,9:20:29,,10:13:03
247,WAUVT58,8:51:07,,9:37:15,,10:32:27,11:01:26
248,2G4WD58,8:52:43,8:57:02,,9:16:35,,10:03:45
249,WDCYC3H,8:53:22,9:06:41,,9:43:56,,10:53:08
250,WBA3C3C,8:54:03,9:06:05,,9:40:40,,10:45:12
251,3D7TT2C,8:54:10,,9:47:07,,10:49:23,11:19:38
252,1GYS4JE,8:54:52,9:03:43,,9:29:44,9:57:05,10:26:20
253,WA1AY94,8:55:18,,9:39:26,9:47:37,10:14:56,10:40:32
254,WAUAFAF,8:55:30,,9:47:15,,10:48:42,11:19:18
255,1G6AJ1R,8:55:34,9:08:37,,9:44:55,,10:52:40
256,5BZBF0A,8:55:49,,9:42:42,9:49:36,10:12:59,10:40:55
257,WAUNF98,8:56:48,9:02:18,,9:23:01,,10:11:59
258,1G6DA8E,8:57:29,,9:42:26,,10:37:17,11:02:30
259,19UUA56,8:57:38,9:05:36,,9:31:13,,10:25:23
260,1G4HC5E,8:57:40,,9:45:14,,10:41:41,11:10:40
261,JHMZF1C,8:57:53,9:08:21,,9:38:54,,10:39:25
262,3C4PDCE,8:58:28,9:06:54,,,10:16:38,10:42:17
263,1D7CE2G,8:59:54,,9:56:20,10:08:38,10:43:20,11:18:29
264,JA4AS2A,9:01:44,9:13:32,,9:46:23,,10:48:28
265,2G61U5S,9:01:49,9:11:46,,,10:17:53,10:43:21
266,WAUEFBF,9:02:37,9:12:25,,9:41:11,10:03:16,10:28:47
267,WAUGN94,9:02:46,9:12:02,,9:40:33,10:03:06,10:31:32
268,5TFBY5F,9:02:55,,9:43:46,,10:31:55,10:58:50
269,2G61R5S,9:03:01,,9:48:59,,10:44:57,11:11:47
270,2G4WD58,9:03:28,9:13:07,,9:42:36,,10:41:09
271,1G6DJ57,9:03:47,9:18:46,,9:57:35,10:31:11,11:08:03
272,JTDKN3D,9:04:25,,9:48:43,,10:42:57,11:08:09
273,WAUMGAF,9:04:31,9:10:22,,9:31:44,,10:20:50
274,KNAFU6A,9:04:46,,9:57:22,,11:01:02,11:32:17
275,WBAEB53,9:05:00,9:13:19,,9:40:53,10:06:29,10:35:30
276,WBAEH13,9:05:06,,9:50:36,,10:46:20,11:15:02
277,1VWAH7A,9:05:09,,9:51:01,10:00:31,10:29:46,10:55:54
278,WDDGF4H,9:05:22,,10:03:29,,11:12:36,11:46:05
279,WAUMFAF,9:05:38,,9:56:24,,10:57:38,11:28:16
280,SCBCR63,9:06:16,,9:47:03,,10:35:07,11:00:53
281,1D7RW2G,9:07:02,,9:41:49,,10:23:30,10:47:29
282,1GD422C,9:07:34,,9:47:46,9:55:05,,10:44:54
283,WAUGU54,9:08:07,9:16:54,,9:43:31,10:11:44,10:40:18
284,JN8AE2K,9:08:08,9:15:49,,9:41:30,,10:36:21
285,KMHEC4A,9:08:13,9:18:25,,9:50:11,,10:51:43
286,KMHHT6K,9:08:38,9:17:20,,9:44:36,,10:40:48
287,WAUUL78,9:09:11,,9:56:00,10:05:48,,10:56:04
288,WAULVBF,9:10:21,,10:06:57,,11:14:22,11:46:59
289,1N6AA0C,9:10:37,9:21:21,,9:52:25,,10:53:27
290,WAUKFBF,9:10:57,9:22:08,,9:54:42,10:26:33,10:58:24
291,WAUGL98,9:11:16,9:24:39,,10:01:36,,11:09:07
292,JTDKDTB,9:11:29,,10:05:24,,11:08:37,11:39:53
293,WVWAB7A,9:11:46,,10:05:07,10:18:02,,11:25:49
294,4T1BB3E,9:11:57,9:22:45,,9:53:31,,10:53:58
295,1G6DE5E,9:12:24,,9:53:55,,10:43:32,11:10:25
296,1G6YX36,9:12:51,9:23:47,,9:55:14,10:26:05,10:58:15
297,1FMJU1K,9:13:44,,10:07:25,,11:10:30,11:42:06
298,WAUJC68,9:13:58,9:25:08,,9:57:35,10:30:57,11:04:46
299,YV1382M,9:14:06,9:24:17,,9:54:20,10:27:58,11:05:12
300,WAUBF98,9:15:05,9:27:36,,,10:40:42,11:10:59
301,1GYUKJE,9:15:12,,9:54:45,,10:41:57,11:07:22
302,1GKS1HE,9:16:28,,10:03:03,,10:59:52,11:28:01
303,WA1EV74,9:17:18,9:30:42,,10:07:04,10:37:43,11:07:53
304,2C3CCAB,9:17:54,9:26:41,,9:53:38,,10:49:27
305,WAUR2AF,9:17:59,9:26:08,,9:53:03,,10:49:40
306,WBA6B2C,9:18:25,9:27:12,,9:54:54,,10:51:32
307,WAUYGBF,9:19:03,,10:17:29,,11:26:55,12:00:30
308,3D7TP2C,9:20:19,,10:09:17,,11:07:56,11:36:41
309,3VWJP7A,9:20:42,9:28:00,,9:52:13,,10:44:31
310,WBAEK13,9:21:04,9:37:52,,10:19:57,,11:35:14
311,SCFEBBA,9:21:13,9:31:03,,9:59:30,,10:58:28
312,1FTNF2B,9:21:30,,10:19:47,,11:29:27,12:03:14
313,1GYFK56,9:22:58,9:34:16,,10:06:25,10:37:31,11:12:34
314,WBAFR7C,9:23:19,9:36:55,,10:13:18,10:44:28,11:15:41
315,WBAEN33,9:23:28,9:32:54,,,10:36:16,11:06:09
316,1D7RE3B,9:23:47,9:32:33,,9:58:39,10:27:05,10:55:30
317,1G4GF5E,9:23:47,,10:18:56,,11:25:07,11:57:42
318,WDDEJ7G,9:24:15,9:31:21,,9:55:52,,10:49:41
319,WBANN73,9:24:23,,10:07:14,,10:58:27,11:25:19
320,JN1AZ4E,9:24:25,,10:14:27,,11:14:49,11:45:12
321,WAUFEAF,9:25:06,9:38:11,,,10:49:57,11:20:52
322,SCBLC43,9:25:28,,10:22:14,10:34:43,11:09:04,11:44:37
323,1FTEW1C,9:25:36,9:34:40,,10:03:15,,11:01:30
324,WAUSH94,9:25:37,9:34:18,,10:00:52,,10:56:33
325,3C3CFFA,9:25:44,9:34:29,,10:01:12,,10:57:22
326,JTHBP5C,9:26:58,9:38:28,,10:10:31,10:46:56,11:17:28
327,1G6AV5S,9:27:35,,10:23:20,,11:28:51,12:01:24
328,3D73Y4C,9:28:33,9:38:15,,,10:39:07,11:07:17
329,1FMJU1H,9:29:34,9:37:30,,10:01:48,10:31:25,10:56:46
330,5J8TB4H,9:30:40,9:42:38,,10:16:15,,11:20:39
331,YV126MF,9:32:36,,10:06:44,,10:49:07,11:12:52
332,WBAWB33,9:32:51,,10:22:24,10:29:25,,11:23:20
333,JN8AF5M,9:33:05,9:44:28,,10:17:40,,11:22:31
334,JH4CL95,9:34:20,,10:24:23,,11:25:04,11:55:42
335,WP1AE2A,9:35:06,9:43:26,,,10:49:24,11:16:14
336,3C6JD7A,9:35:39,9:41:50,,10:04:23,10:34:13,11:03:58
337,1VWAH7A,9:36:02,,10:19:52,,11:12:50,11:40:16
338,JTJBC1B,9:37:01,,10:27:32,,11:28:05,11:58:08
339,WDDHF0E,9:37:33,,10:32:11,,11:37:33,12:09:18
340,WBAVA33,9:37:46,9:48:11,,10:19:23,,11:22:07
341,SCBGC3Z,9:37:57,9:47:39,,10:16:19,,11:14:58
342,WBAWC7C,9:38:24,9:48:40,,10:20:30,,11:22:55
343,4USBT53,9:38:25,,10:33:55,,11:39:08,12:11:55
344,WAUBF98,9:38:41,9:45:47,,,10:45:20,11:13:14
345,1J4PR4G,9:38:54,9:44:37,,10:04:59,,10:53:49
346,KMHHT6K,9:39:23,,10:24:05,,11:18:09,11:45:36
347,1N4AB7A,9:40:13,9:46:27,,,10:52:21,11:18:34
348,WAUAT48,9:40:23,,10:28:26,,11:26:27,11:56:21
349,1GYFK43,9:42:17,,10:42:03,10:55:09,11:31:13,12:08:51
350,1FMJU1F,9:42:31,9:52:35,,10:22:46,10:55:52,11:28:54
351,1FTEX1C,9:43:52,9:56:19,,10:31:35,,11:39:17
352,KMHFG4J,9:44:01,,10:18:32,,10:59:49,11:22:57
353,1G6AL5S,9:44:25,9:52:57,,10:19:30,,11:14:44
354,WAUEFBF,9:44:25,9:54:16,,10:24:04,10:53:52,11:23:28
355,3GYFK52,9:44:42,,10:39:47,,11:45:49,12:18:09
356,1GYS3HE,9:45:08,9:55:35,,10:26:11,,11:26:23
357,3N1AB7A,9:45:19,,10:36:27,10:53:09,11:35:34,12:07:21
358,3C4PDDB,9:46:08,9:55:46,,10:25:40,,11:25:17
359,3MZBM1K,9:46:12,9:53:44,,10:19:43,,11:14:34
360,WBAEU33,9:46:53,,10:38:51,,11:40:43,12:11:16
361,WAUAF48,9:47:03,,10:39:10,10:49:54,11:20:36,11:52:42
362,TRUWT28,9:47:06,,10:38:36,,11:40:25,12:11:23
363,WBAEV53,9:47:38,9:57:25,,10:27:13,10:55:36,11:19:25
364,2G4GN5E,9:47:59,9:59:33,,,11:19:59,11:51:45
365,WA1LFAF,9:48:00,,10:33:20,10:41:50,,11:37:59
366,WBAHN03,9:48:05,9:56:44,,,11:02:31,11:32:16
367,SCFEFBB,9:48:42,,10:45:41,,11:52:20,12:28:02
368,WA1UFAF,9:48:49,9:57:31,,10:24:22,,11:20:42
369,5GALVCE,9:49:06,9:59:33,,10:30:06,11:02:10,11:34:03
370,1G4HP52,9:49:10,10:00:18,,10:33:11,,11:36:50
371,WVGEF9B,9:49:12,,10:30:42,,11:19:45,11:46:37
372,WAUEF98,9:49:43,10:05:16,,,11:22:57,11:55:13
373,1B3CC4F,9:50:20,,10:29:03,,11:15:15,11:40:56
374,19XFA1E,9:51:00,10:00:23,,10:30:05,,11:29:48
375,3C63D3N,9:51:05,,10:46:04,,11:51:10,12:23:41
376,2HNYD2H,9:51:31,9:58:58,,10:24:41,,11:19:58
377,1GYS4JK,9:52:04,,10:34:12,,11:25:55,11:53:41
378,JH4DB76,9:54:27,10:06:46,,10:41:37,11:12:51,11:46:02
379,WAUDH78,9:54:29,,10:42:54,,11:41:18,12:10:00
380,5GALVBE,9:54:43,10:09:33,,,11:26:10,11:57:36
381,WBA3B5C,9:54:51,10:00:46,,10:20:54,,11:09:08
382,4JGBF2F,9:55:12,10:08:15,,,11:20:36,11:52:05
383,JM1DE1H,9:55:26,,10:45:23,,11:45:11,12:14:28
384,1GD322C,9:55:29,10:04:54,,10:34:46,,11:34:05
385,WAUJGBF,9:55:40,10:06:08,,10:37:25,,11:38:41
386,WAUBF78,9:56:27,10:02:31,,,11:08:17,11:37:01
387,1GKUCGE,9:56:52,10:02:12,,10:23:05,,11:11:11
388,JHMZF1C,9:57:17,10:07:40,,,11:32:46,12:05:33
389,WAURGAF,9:57:21,10:10:27,,,11:26:02,11:59:24
390,5GAEV13,9:57:46,10:05:59,,10:32:52,,11:28:54
391,SCBLC43,9:58:05,10:10:10,,,11:34:21,12:06:17
392,WAUWFAF,9:58:39,10:08:19,,10:37:48,11:00:19,11:28:39
393,JN8AE2K,9:58:54,10:08:32,,10:37:21,11:05:01,11:33:41
394,5N1AN0N,9:59:18,,10:45:24,10:55:16,11:23:49,11:50:47
395,WP0AD2A,10:01:14,,10:52:06,11:04:26,11:39:17,12:09:30
396,19VDE3F,10:01:55,,10:52:06,,11:52:56,12:23:49
397,WBAPH77,10:02:01,10:09:21,,10:34:00,10:59:44,11:28:08
398,2T1BURH,10:02:02,10:14:07,,10:50:02,,11:56:13
399,3GYFNDE,10:02:05,10:14:39,,10:49:15,,11:54:20
400,4T1BD1E,10:02:19,,10:49:24,,11:45:46,12:13:49
401,WAUMFAF,10:02:35,10:13:00,,10:43:44,11:20:39,12:00:51
402,JN1CV6F,10:03:59,,10:59:10,,12:05:15,12:37:17
403,SALFR2B,10:04:07,,10:53:12,,11:52:22,12:22:19
404,WBSBL93,10:05:29,,11:03:53,11:16:56,11:53:36,12:31:19
405,WBSBL93,10:06:05,,10:55:35,,11:54:48,12:24:30
406,1C3CDFB,10:06:28,10:18:39,,10:54:28,,12:01:26
407,JA4AS2A,10:07:25,10:20:36,,10:57:42,,12:07:19
408,WAUAFAF,10:07:46,,10:51:48,11:00:02,11:27:16,11:52:25
409,1C4SDHC,10:07:48,10:16:10,,10:42:35,11:11:25,11:39:44
410,WBAVC73,10:08:49,10:21:45,,10:57:01,,12:04:57
411,WAUPL58,10:09:41,,10:45:05,,11:28:17,11:52:18
412,1FTFW1E,10:10:25,10:17:18,,10:40:33,,11:32:47
413,WBADN53,10:10:29,,10:58:59,,11:57:09,12:26:44
414,1N6AD0C,10:10:58,,11:00:36,,12:00:04,12:29:06
415,WAULT64,10:11:55,10:30:52,,11:17:09,11:49:52,12:23:21
416,5YMGZ0C,10:14:28,,10:57:48,,11:50:46,12:18:00
417,2G4GX5G,10:14:37,10:25:41,,10:58:31,,12:00:36
418,1G4PN5S,10:15:09,10:27:23,,11:01:27,,12:07:09
419,WAUYGAF,10:15:15,10:21:53,,10:44:15,,11:35:07
420,JN8AF5M,10:15:30,,11:04:52,,12:04:05,12:33:32
421,WBABW53,10:15:45,10:23:01,,10:47:34,,11:40:14
422,WP0AA2A,10:16:19,10:26:10,,10:55:34,,11:54:50
423,1C6RD6F,10:16:31,10:26:07,,10:55:44,,11:55:29
424,2T1BURH,10:16:37,10:22:20,,10:42:38,,11:31:19
425,1G6KE57,10:17:12,,10:56:37,,11:44:57,12:10:34
426,1C3CDZA,10:17:52,,11:07:43,,12:07:06,12:36:53
427,SCBBB7Z,10:17:56,10:26:43,,10:54:02,,11:50:34
428,WA1LMAF,10:18:09,,11:14:49,11:28:31,,12:34:07
429,1G6AA5R,10:18:11,,10:57:27,,11:46:30,12:07:34
430,3C63D2G,10:18:14,10:30:12,,11:02:56,11:35:22,12:11:55
431,KNDMA5C,10:18:46,10:30:17,,,11:40:29,12:10:59
432,WBAPL33,10:18:51,,11:04:02,11:11:14,11:35:51,12:01:53
433,1N6AA0C,10:18:53,,11:00:50,11:09:48,11:35:54,11:58:45
434,3C4PDDG,10:19:37,10:28:01,,,11:24:23,11:51:22
435,WAURD68,10:20:02,,11:05:40,,11:59:48,12:28:11
436,1G6DS8E,10:20:58,,11:09:01,,12:07:20,12:36:34
437,1FTMF1E,10:21:02,,11:12:10,11:26:08,,12:34:45
438,WA1WMAF,10:22:02,10:34:19,,11:09:31,,12:15:32
439,1G6KD57,10:22:23,,11:21:02,11:32:33,,12:34:32
440,3VW4A7A,10:24:05,,11:13:57,11:21:29,11:46:42,12:16:07
441,SCFEBBE,10:24:19,10:32:31,,10:59:00,,11:55:31
442,3D73Y3H,10:24:30,10:34:49,,11:06:36,,12:08:26
443,JTHBP5C,10:24:51,,11:09:45,,12:03:33,12:30:41
444,2G61N5S,10:24:55,10:30:03,,,11:27:02,11:56:23
445,1D7RB1G,10:25:06,10:37:10,,11:12:29,,12:19:11
446,WBSBL93,10:25:30,,11:20:32,,12:26:10,13:00:24
447,WAUJC68,10:25:46,10:34:17,,11:01:12,11:26:18,11:50:45
448,WAUBFAF,10:26:09,,11:10:21,,12:04:05,12:31:36
449,WAUWFBF,10:26:11,,11:21:05,,12:25:25,12:58:50
450,WBALL5C,10:27:16,10:35:53,,11:02:18,,11:58:51
451,5TFAW5F,10:28:41,,11:23:01,,12:28:02,12:59:38
452,JN1CV6F,10:28:49,,11:13:27,,12:07:19,12:34:47
453,3C4PDCE,10:28:51,10:38:14,,11:06:37,11:35:43,11:58:36
454,1NXBU4E,10:29:25,10:37:44,,11:05:41,,12:03:17
455,2FMDK3K,10:29:32,,11:07:04,,11:54:47,12:14:34
456,WAUGL58,10:29:37,10:40:35,,11:11:04,11:43:15,12:17:47
457,WBA3V7C,10:29:39,,11:13:00,,12:05:29,12:32:52
458,1GT022C,10:30:16,10:41:58,,11:15:35,,12:19:37
459,WAUDF98,10:30:45,10:43:42,,11:18:47,11:51:45,12:33:04
460,1G4HR54,10:30:54,10:42:20,,,11:54:32,12:27:07
461,5FNYF3H,10:31:28,10:39:42,,11:07:01,11:33:48,11:58:33
462,1GD11ZC,10:31:54,10:40:33,,11:07:38,11:36:44,11:53:25
463,KNADM4A,10:32:53,,11:33:35,,12:44:37,13:19:24
464,SAJWA4H,10:33:16,,11:26:42,,12:30:06,13:04:01
465,5NPE24A,10:34:01,10:49:09,,11:30:52,,12:44:17
466,3GYFNBE,10:34:29,,11:30:26,,12:36:45,13:09:09
467,WAUBH64,10:35:04,10:50:14,,11:30:32,,12:43:30
468,5TFAW5F,10:36:01,10:46:12,,11:17:04,11:47:58,12:22:45
469,1FM5K7B,10:36:50,10:44:45,,11:09:54,,12:04:07
470,SCBEC9Z,10:37:19,10:45:58,,11:13:07,,12:09:11
471,5UXFG43,10:37:19,10:44:35,,11:10:32,,12:06:18
472,WA1WGAF,10:37:24,10:50:45,,11:27:01,,12:34:43
473,2C4RDGC,10:37:33,10:43:06,,11:04:18,,11:54:15
474,WDDPK4H,10:37:35,,11:22:06,,12:15:38,12:43:32
475,55SWF4J,10:37:45,,11:38:16,,12:48:26,13:26:34
476,SALFR2B,10:37:55,,11:32:36,11:43:19,,12:49:34
477,JTDKN3D,10:40:34,,11:21:31,11:27:50,,12:21:30
478,JTJBM7F,10:41:06,10:51:03,,11:20:21,,12:19:56
479,3N1AB7A,10:41:13,10:49:29,,11:15:39,,12:12:20
480,4A31K3D,10:41:43,10:51:36,,11:20:43,11:45:24,12:15:01
481,1D7RW3G,10:42:23,10:55:48,,11:31:53,12:02:42,12:35:09
482,WBAAZ33,10:42:24,,11:31:00,,12:29:15,12:57:44
483,JH4DC53,10:42:49,,11:31:33,11:39:30,,12:33:59
484,KMHHT6K,10:42:57,11:00:02,,11:44:30,,13:01:39
485,SALAB2D,10:43:52,10:50:24,,11:12:35,,12:04:16
486,1GTN1UE,10:45:13,10:59:47,,,12:18:13,12:51:44
487,1GTN2TE,10:45:17,,11:34:22,,12:33:38,13:02:52
488,WAUEFAF,10:46:02,,11:42:16,11:52:23,,12:53:29
489,WP0AB2A,10:46:10,,11:34:15,,12:33:01,13:02:51
490,WAUCFAF,10:46:26,10:56:36,,,12:08:24,12:40:08
491,WAUKH78,10:46:41,10:55:07,,11:22:24,,12:18:34
492,1G6DN57,10:46:54,10:55:35,,11:22:00,,12:17:33
493,1GTC5MF,10:47:41,10:55:29,,11:20:12,,12:13:53
494,1G6DM57,10:47:45,11:00:33,,,12:10:41,12:44:20
495,1FTSW2B,10:48:49,11:00:48,,11:32:57,,12:36:53
496,YV4952C,10:48:52,,11:41:30,11:54:29,,13:00:26
497,19XFB4F,10:49:25,10:56:46,,11:22:12,11:46:03,12:09:06
498,JTEBU5J,10:49:48,11:02:58,,11:40:08,12:10:14,12:43:46
499,WAUGGAF,10:49:49,10:57:50,,11:25:11,,12:21:37
500,1G6KD57,10:50:40,,11:40:48,,12:41:12,13:11:29
501,KMHHT6K,10:51:05,10:54:59,,11:12:32,,11:56:36
502,1G6AH5S,10:51:52,10:59:15,,11:23:41,11:49:59,12:19:42
503,WAUVVAF,10:52:44,11:06:11,,11:43:23,12:16:18,12:46:50
504,2G4GT5G,10:53:38,,11:52:12,,13:02:34,13:36:27
505,JHMFB4F,10:54:08,,11:38:51,,12:32:09,12:59:40
506,5FRYD4H,10:54:56,11:02:40,,11:28:19,,12:22:48
507,1C4RDHE,10:54:59,11:01:52,,11:25:50,,12:18:23
508,JHMFA3F,10:56:45,11:05:05,,11:32:13,,12:29:32
509,WBA3X9C,10:56:55,11:05:13,,11:32:01,11:59:22,12:23:28
510,2T1BURH,10:57:07,,11:47:40,,12:47:55,13:17:57
511,WAUMK78,10:57:59,11:13:40,,11:54:03,,13:07:00
512,2GKALME,10:58:40,,11:42:47,,12:35:50,13:03:20
513,1D7RB1C,10:59:35,,11:53:24,,12:57:15,13:28:24
514,1GYS3JE,10:59:49,,11:42:09,,12:33:28,12:59:39
515,1G6DX6E,10:59:55,11:10:27,,,12:25:20,12:55:49
516,WAUVFAF,11:00:04,,11:43:48,,12:37:01,13:01:14
517,1G6AC5S,11:00:13,11:04:55,,11:23:32,11:46:23,12:13:31
518,WAUDL54,11:00:17,11:13:00,,11:47:27,,12:52:36
519,WBAWR33,11:00:27,11:14:16,,11:52:07,12:22:46,12:56:29
520,WBS3C9C,11:00:29,11:11:55,,,12:25:10,12:55:55
521,3FA6P0D,11:00:41,,11:47:14,,12:43:49,13:10:20
522,WBABS53,11:01:38,,11:50:16,,12:47:42,13:17:34
523,1FTEX1C,11:01:55,11:15:40,,11:52:04,,12:59:22
524,1N6BF0K,11:02:04,11:17:13,,11:59:09,,13:12:41
525,3GYFK62,11:02:15,11:09:25,,11:34:43,12:01:47,12:31:04
526,JH4DC53,11:02:23,,11:59:59,12:14:10,,13:18:12
527,YV1960B,11:03:54,11:16:43,,11:51:45,12:26:10,12:59:43
528,JN8AF5M,11:04:49,,11:43:54,11:53:22,,12:44:59
529,5UXFE8C,11:04:52,11:12:24,,11:38:22,12:05:11,12:33:51
530,1FBAX2C,11:05:33,11:15:32,,,12:15:42,12:43:50
531,JN1CV6A,11:07:09,,12:04:54,,13:12:01,13:48:36
532,1GYEC63,11:07:19,11:14:33,,11:39:17,,12:32:31
533,WAURVAF,11:07:46,,12:02:28,12:13:18,,13:20:35
534,3C6JR6C,11:07:54,11:19:47,,11:52:12,,12:55:19
535,1G6KA5E,11:08:40,11:20:16,,11:52:35,,12:54:54
536,WBAUN7C,11:09:13,,11:53:30,,12:46:49,13:14:02
537,SAJWA4F,11:10:21,11:18:31,,11:45:54,12:08:08,12:37:54
538,3N6CM0K,11:10:24,11:18:18,,11:43:29,12:10:02,12:39:23
539,WBAPH5C,11:11:09,11:21:57,,,12:34:50,13:07:47
540,2T1BURH,11:11:50,,11:54:41,12:04:10,,13:01:07
541,3D4PH6F,11:12:01,,11:51:37,,12:39:13,13:04:42
542,JTDKN3D,11:12:08,,12:07:48,12:17:56,,13:18:06
543,WAUEFAF,11:12:40,11:19:23,,11:41:53,,12:32:52
544,1FTEW1C,11:12:40,,12:10:51,,13:20:27,13:53:46
545,1G4GC5G,11:13:13,11:24:00,,,12:42:39,13:14:13
546,1FTKR1A,11:13:22,11:16:49,,11:34:21,,12:19:41
547,1N6BF0K,11:13:24,,12:05:19,,13:06:49,13:37:35
548,19UUA8F,11:13:28,,11:59:39,,12:56:15,13:25:04
549,1HGCP2E,11:13:41,,12:05:25,,13:08:07,13:38:16
550,1FTWF3C,11:14:45,,12:03:40,,13:02:13,13:31:19
551,WAULT58,11:15:26,,11:56:10,12:04:59,,12:58:34
552,3D7JB1E,11:15:29,,12:09:49,,13:15:10,13:48:07
553,3C6TD5D,11:15:39,,11:54:29,,12:41:14,13:06:41
554,TRURD38,11:15:56,11:28:29,,,12:39:28,13:10:51
555,WAULT58,11:16:14,11:29:54,,12:06:53,12:40:34,13:12:24
556,JH4DC23,11:18:45,,12:13:17,12:28:06,13:06:39,13:40:14
557,2B3CA2C,11:19:11,11:28:05,,11:55:06,,12:51:26
558,WBAWB73,11:19:18,11:30:17,,,12:42:48,13:14:13
559,2G4WD55,11:19:23,,12:05:58,,13:02:49,13:31:42
560,1FTFW1E,11:19:40,,11:59:15,,12:47:30,13:12:39
561,WDDNG7B,11:20:16,,12:11:31,,13:13:35,13:44:25
562,WBAEW53,11:20:17,,11:57:38,12:07:21,,13:04:08
563,WAUDV94,11:22:26,11:31:28,,12:01:14,,12:59:36
564,JTDKDTB,11:22:40,,12:06:01,,12:58:44,13:25:58
565,WDBWK5J,11:22:48,,12:09:50,12:17:11,12:41:14,13:08:21
566,1G6DM5E,11:23:01,,12:08:43,,13:03:38,13:32:25
567,WAUGGBF,11:23:16,,12:11:56,12:19:32,,13:18:05
568,WA1DGAF,11:23:30,11:37:05,,12:13:33,,13:20:39
569,3C4PDCE,11:24:25,,12:17:55,12:30:38,,13:36:37
570,19UUA9F,11:24:36,,12:09:02,,13:02:48,13:29:50
571,1G6KF57,11:24:41,11:36:27,,12:08:53,,13:12:43
572,WBAGK93,11:25:37,,12:15:18,,13:14:35,13:44:09
573,WA1CMAF,11:25:38,11:30:16,,,12:35:36,13:04:18
574,3VW507A,11:25:38,,12:24:35,,13:34:06,14:07:56
575,1G6DT57,11:25:58,,12:19:33,,13:23:26,13:56:17
576,WBA3R1C,11:26:43,11:31:02,,11:49:07,,12:35:27
577,WP0AA2A,11:28:40,11:35:26,,11:59:08,,12:52:05
578,1N6AA0C,11:28:55,,12:15:45,,13:11:05,13:39:21
579,1G4HP57,11:29:04,11:42:55,,12:20:43,,13:29:47
580,3GTU1YE,11:29:52,,12:15:16,,13:09:30,13:37:54
581,3C63D2E,11:29:57,,12:24:01,,13:28:30,14:00:22
582,WAULK98,11:30:05,,12:12:03,,13:01:12,13:28:09
583,1GKS1KE,11:30:06,11:39:14,,,12:32:21,12:58:29
584,1G6EL12,11:30:36,11:43:01,,12:17:46,,13:23:01
585,JH4KA96,11:30:42,11:40:49,,12:11:52,12:45:25,13:22:30
586,KMHGC4D,11:30:54,,12:21:50,12:31:55,,13:39:51
587,JTHBK1E,11:30:59,,12:33:36,,13:45:52,14:26:23
588,TRUWT28,11:31:04,11:42:28,,12:15:42,,13:19:37
589,1G6DC8E,11:31:17,,12:21:36,12:33:31,13:05:57,13:36:50
590,3D7TP2C,11:31:19,11:38:51,,12:04:13,,12:59:36
591,WDDGF4H,11:31:36,,12:18:28,12:27:47,12:56:21,13:24:15
592,4USDU53,11:31:45,11:43:41,,12:17:00,,13:20:26
593,1GKS1GE,11:31:50,11:42:06,,,13:02:16,13:33:46
594,SCFHDDA,11:31:57,11:45:29,,12:23:22,,13:31:54
595,JTDZN3E,11:32:02,11:44:40,,12:20:36,,13:26:58
596,WBS3C9C,11:33:33,,12:30:21,12:41:56,,13:43:45
597,WBABV13,11:33:47,11:47:28,,,13:00:27,13:31:23
598,WBAHN83,11:34:00,,12:29:59,,13:36:12,14:08:25
599,SCFEFBB,11:34:37,11:44:07,,12:12:48,,13:11:32
600,JM1DE1H,11:34:38,11:45:13,,,12:58:27,13:31:03
601,JN1BY0A,11:35:11,,12:30:46,12:43:31,,13:46:58
602,WAUVC58,11:35:22,11:42:38,,,12:49:28,13:17:17
603,WBANV93,11:35:51,11:41:49,,,12:50:43,13:19:27
604,5UXZV4C,11:37:41,11:47:51,,12:19:06,,13:20:11
605,WAUKH78,11:37:42,,12:36:08,,13:45:50,14:18:54
606,KNAFT4A,11:37:59,,12:26:03,,13:24:51,13:54:46
607,WAUHF98,11:38:08,11:50:24,,12:25:23,13:00:47,13:31:14
608,1G6AH5R,11:38:17,11:48:25,,12:19:38,12:49:52,13:23:13
609,3VW517A,11:39:16,11:45:34,,12:07:44,12:32:29,13:01:54
610,2G4WB52,11:39:39,11:51:08,,12:23:38,12:56:48,13:30:20
611,1N6AA0C,11:40:15,11:48:19,,12:15:54,,13:12:29
612,WBAPH5C,11:40:34,,12:17:36,,13:05:34,13:24:38
613,WBAVC53,11:40:42,11:50:24,,12:20:15,,13:19:58
614,1FTWF3D,11:42:04,,12:41:22,,13:53:09,14:27:37
615,WP0AA2A,11:43:43,,12:25:05,,13:15:45,13:41:47
616,YV126MF,11:43:56,11:54:51,,12:26:06,,13:29:04
617,JN8AF5M,11:44:07,,12:37:16,12:49:34,,13:50:09
618,1FTEX1C,11:44:50,,12:34:44,,13:32:53,14:02:52
619,WVGAV7A,11:45:10,11:55:57,,12:26:03,,13:26:47
620,WAUSF98,11:45:37,11:53:28,,12:19:10,,13:13:30
621,1J4RG4G,11:46:42,11:56:55,,12:27:15,,13:28:14
622,1FMJU1F,11:47:01,,12:36:39,,13:36:00,14:05:30
623,WBA3C1C,11:47:19,11:57:47,,12:29:31,,13:30:35
624,JH4DC44,11:47:54,11:59:26,,12:33:17,,13:37:31
625,5FRYD3H,11:48:02,11:56:10,,12:22:29,,13:18:56
626,1FTWX3B,11:48:11,12:00:32,,12:35:11,,13:40:30
627,SALVP1B,11:48:23,,12:45:54,12:56:38,,13:57:40
628,4T1BD1F,11:49:05,11:57:44,,12:24:09,12:46:05,13:06:41
629,1G4GA5G,11:49:18,11:55:41,,12:18:13,12:45:48,13:14:35
630,19UUA66,11:49:21,11:58:59,,,13:02:23,13:30:35
631,1GKS1FE,11:49:24,12:01:30,,12:36:26,13:11:25,13:49:20
632,2C3CDYB,11:50:03,,12:39:32,,13:39:15,14:08:20
633,WP0AB2A,11:50:04,,12:41:37,,13:42:55,14:13:40
634,1G6KF57,11:50:23,11:59:37,,12:29:23,,13:28:54
635,SCFEBBB,11:52:02,12:05:40,,12:42:09,13:21:30,13:57:16
636,1FTEX1E,11:54:48,,12:59:33,,14:14:16,14:55:35
637,3C3CFFE,11:56:51,12:07:45,,12:37:52,,13:38:18
638,WBA5M0C,11:57:25,,12:34:14,,13:17:52,13:42:24
639,WBABD33,11:58:15,12:06:04,,12:31:57,,13:26:16
640,WDDLJ6H,11:59:17,,12:51:35,13:06:10,13:45:06,14:17:33
641,2T1BPRH,11:59:30,,12:49:06,,13:48:43,14:18:40
642,WAUAF78,11:59:45,,12:49:23,,13:49:17,14:18:45
643,2C3CCAS,11:59:49,12:11:50,,12:47:44,13:20:18,13:56:19
644,1FTWF3D,12:00:04,12:08:39,,12:35:57,,13:32:37
645,1C4SDHC,12:00:05,12:10:27,,12:40:36,,13:40:53
646,1C4AJWA,12:00:51,12:12:06,,12:45:17,,13:48:29
647,WAUEFAF,12:01:09,12:10:31,,12:39:45,,13:38:54
648,WAUDF68,12:01:13,,12:44:27,,13:36:43,14:04:17
649,WAUFFAF,12:02:36,12:14:46,,12:50:39,13:24:40,13:57:06
650,2G4GU5G,12:02:36,12:13:55,,,13:25:25,13:59:05
651,JTJBC1B,12:03:08,12:13:58,,12:44:23,,13:44:57
652,JN1AJ0H,12:04:04,,12:42:36,,13:28:52,13:54:37
653,WAUSF98,12:04:59,12:17:22,,12:52:32,,13:58:50
654,2T1KE4E,12:05:18,12:13:48,,12:40:12,,13:36:05
655,WAUMF68,12:05:35,12:15:37,,12:47:29,,13:49:16
656,5GNRNJE,12:06:09,,12:59:48,,14:02:59,14:34:42
657,WAUSH78,12:07:24,,13:00:17,,14:04:09,14:35:37
658,YV4952C,12:08:21,,12:55:06,,13:51:45,14:20:04
659,WAUAVAF,12:08:42,,12:57:29,,13:56:02,14:25:29
660,2G61S5S,12:09:56,,13:13:10,,14:26:25,15:08:14
661,JM3KE2B,12:10:44,,13:03:07,13:14:12,13:47:22,14:19:32
662,1NXBU4E,12:10:47,,13:05:37,,14:09:40,14:41:35
663,WVWAN7A,12:11:27,12:25:07,,,13:45:37,14:21:29
664,WAUET48,12:12:08,,13:05:37,,14:10:13,14:42:08
665,WAUUL78,12:12:38,12:24:18,,12:57:04,,13:59:08
666,WA1CM74,12:13:40,12:23:06,,,13:28:12,13:56:34
667,JTDKN3D,12:15:43,,13:04:57,,14:03:27,14:32:49
668,WAUDF48,12:16:16,12:28:30,,13:03:50,,14:09:58
669,WAUDFAF,12:17:34,12:26:37,,12:56:33,,13:55:42
670,JTEBU5J,12:17:38,,13:02:29,,13:56:18,14:24:08
671,3G5DB03,12:17:39,,13:10:11,,14:12:19,14:44:34
672,JTDKN3D,12:18:39,,13:07:32,,14:06:21,14:35:22
673,WBAUP9C,12:18:46,,13:14:54,,14:22:29,14:55:08
674,1VWAH7A,12:18:46,,13:01:47,,13:54:10,14:21:55
675,JN1BV7A,12:19:39,,13:11:29,,14:13:13,14:44:05
676,3N1CN7A,12:20:00,12:30:04,,13:01:57,,14:03:28
677,WA1CMAF,12:20:20,12:31:36,,13:05:31,,14:08:36
678,WA1WKBF,12:21:02,,13:15:04,13:27:08,14:02:01,14:35:31
679,1FMCU9C,12:21:51,12:25:34,,,13:32:41,14:02:02
680,WBAEV33,12:21:55,,13:19:51,,14:27:24,15:03:39
681,WA1EFCF,12:25:00,,13:25:50,13:37:26,14:10:21,14:48:50
682,1G6DJ8E,12:25:45,,13:10:18,,14:04:36,14:30:25
683,WA1LKAF,12:26:26,,13:26:10,,14:35:25,15:14:22
684,3D73Y3H,12:26:57,12:38:54,,13:12:33,,14:17:18
685,WBAGL83,12:29:19,12:43:38,,13:22:28,13:52:41,14:23:56
686,1FA6P0H,12:31:52,,13:25:29,,14:29:25,15:01:14
687,JH4CL95,12:32:14,12:41:22,,13:11:13,13:34:06,14:02:32
688,JTDKDTB,12:32:33,,13:30:09,,14:38:16,15:10:21
689,JM1DE1H,12:32:39,12:41:02,,13:08:32,13:37:14,14:03:18
690,1GYUCJE,12:32:39,,13:32:13,13:47:09,14:25:24,15:04:14
691,WVWAB7A,12:33:00,,13:16:53,13:25:08,13:51:26,14:16:06
692,1G6DT57,12:33:06,12:42:21,,13:11:40,13:38:32,14:06:16
693,4USBT33,12:33:17,,13:22:37,13:27:54,,14:23:10
694,JTDKTUD,12:33:28,,13:31:35,,14:42:31,15:15:48
695,2C4RDGB,12:34:01,12:41:44,,13:06:08,13:34:38,13:53:56
696,WBAVB33,12:34:49,12:46:39,,13:18:51,,14:22:13
697,KMHEC4A,12:34:56,12:47:51,,,14:08:13,14:39:16
698,3D73M3C,12:34:57,,13:11:27,,13:55:33,14:19:52
699,1GYS4NK,12:35:35,12:45:16,,13:14:51,,14:14:47
700,YV126MF,12:36:09,12:48:38,,,14:08:21,14:39:41
701,KMHHT6K,12:37:25,,13:30:43,,14:35:29,15:06:46
702,5GAKRBK,12:37:59,,13:24:03,,14:19:57,14:48:38
703,5UXWX7C,12:38:19,,13:31:24,,14:34:44,15:06:09
704,SALAG2D,12:40:55,12:49:05,,13:15:51,,14:10:59
705,KMHTC6A,12:41:17,12:50:11,,13:16:36,13:44:09,14:13:45
706,WBAEP33,12:41:41,,13:29:03,,14:26:50,14:54:29
707,WP0AB2A,12:41:42,,13:28:59,,14:26:23,14:55:09
708,WBADW7C,12:42:05,,13:41:40,,14:52:03,15:25:51
709,WAULT68,12:42:55,,13:42:36,,14:52:40,15:25:58
710,KMHTC6A,12:43:45,12:52:05,,13:19:27,,14:16:51
711,WBALW7C,12:44:38,,13:40:33,13:53:34,14:29:42,15:04:01
712,1G6KD57,12:45:21,,13:38:51,13:52:26,,15:04:15
713,5J8TB3H,12:45:50,12:55:44,,13:24:19,,14:22:25
714,JTDKTUD,12:45:56,12:54:46,,,14:03:53,14:33:39
715,1C3CCBC,12:45:58,12:55:41,,13:24:05,13:53:22,14:21:56
716,JHMZE2H,12:45:58,12:57:12,,,14:19:03,14:49:15
717,19UUA9F,12:46:03,,13:38:26,,14:40:31,15:12:30
718,3D73Y3C,12:47:17,12:58:52,,13:32:38,,14:36:39
719,2HNYD28,12:48:14,12:58:11,,13:27:02,,14:25:50
720,1FTNS2E,12:49:41,12:59:22,,13:28:26,,14:26:35
721,5UXFA13,12:49:45,13:01:12,,,14:17:03,14:47:17
722,WAUKD98,12:51:01,12:58:57,,13:24:20,13:54:10,14:18:59
723,SALAB2V,12:51:24,13:00:30,,13:28:31,,14:26:18
724,1G6DS8E,12:51:57,13:02:13,,13:32:14,14:08:39,14:38:51
725,JH4DC53,12:53:07,13:01:26,,13:28:46,,14:25:22
726,JTEBU4B,12:53:29,13:00:05,,13:23:23,,14:15:19
727,WDDGF5E,12:53:45,,13:41:59,13:49:45,14:14:24,14:42:50
728,3GYFNEE,12:53:49,,13:42:28,,14:40:49,15:10:28
729,3GYT4LE,12:55:35,13:09:21,,13:45:25,,14:53:04
730,WAUKH98,12:55:39,13:08:16,,13:43:08,,14:48:11
731,JTHBL1E,12:55:41,,13:46:10,,14:46:15,15:16:26
732,3D7JB1E,12:56:05,,13:37:48,,14:29:31,14:51:43
733,WA1VKBF,12:56:21,13:07:12,,,14:29:46,15:01:11
734,WAUBNBF,12:56:27,13:08:50,,13:43:46,,14:49:07
735,WBAPH7C,12:56:42,,13:44:45,,14:42:29,15:11:52
736,WAUJT68,12:57:11,,13:48:28,13:59:38,,15:01:35
737,JA32X8H,12:57:42,13:07:01,,13:35:42,,14:34:32
738,KNAFT4A,12:58:44,13:07:17,,13:33:23,,14:28:33
739,1N4AL2A,12:58:47,,13:50:34,,14:51:44,15:22:41
740,5NPDH4A,13:00:10,,13:45:35,,14:40:18,15:08:24
741,JTHKD5B,13:00:15,13:15:01,,13:53:04,,15:02:31
742,4T3BA3B,13:00:28,13:11:25,,13:42:17,14:16:19,14:49:39
743,4JGDA2E,13:00:52,13:11:06,,,14:23:16,14:54:42
744,1G4GB5G,13:00:55,13:11:46,,13:43:05,,14:45:39
745,5FPYK1F,13:01:27,13:11:47,,13:43:33,,14:46:22
746,WDDGF4H,13:01:38,,13:45:31,,14:38:53,15:03:27
747,WA1EV94,13:02:48,13:08:04,,13:29:09,,14:19:18
748,WAUNF68,13:02:49,13:07:42,,,14:13:56,14:41:55
749,1GD11ZC,13:02:54,,13:43:55,,14:34:46,15:01:42
750,5TDDK4C,13:03:01,13:13:33,,13:44:49,,14:47:45
751,1N6AF0L,13:03:43,13:13:57,,13:44:49,,14:45:15
752,1G4HR57,13:04:01,13:16:51,,13:52:00,,14:58:48
753,1G6KY54,13:06:26,13:16:04,,13:45:17,,14:44:32
754,WVWED7A,13:07:15,,13:57:14,,14:57:07,15:26:22
755,JM1BL1L,13:07:42,13:18:06,,13:49:21,,14:51:12
756,1G6DJ5E,13:08:05,,13:57:00,,14:54:09,15:23:11
757,JN8AS5M,13:08:35,,13:54:47,,14:51:33,15:18:26
758,WA1DGBF,13:09:20,13:14:32,,13:35:55,13:59:01,14:21:57
759,KNADH4A,13:09:33,,14:00:47,14:12:19,14:44:51,15:16:36
760,JTEBU5J,13:09:49,13:24:56,,14:05:25,,15:17:45
761,WBAWC3C,13:10:11,13:22:33,,,14:39:04,15:10:24
762,3D4PH7F,13:10:13,,14:00:54,,15:01:39,15:32:26
763,KMHGC4D,13:10:26,13:19:30,,13:48:14,,14:47:02
764,1G6AA5R,13:10:55,,14:04:43,,15:08:50,15:40:45
765,WBAUN93,13:11:06,,14:03:03,,15:04:30,15:35:21
766,WAUGL58,13:11:29,13:21:38,,13:51:40,,14:52:14
767,1GKKRNE,13:12:15,13:26:11,,14:03:29,,15:11:46
768,WAUVVAF,13:13:10,,13:56:14,,14:48:42,15:16:24
769,JH4NA12,13:13:24,,14:02:00,,15:00:50,15:30:18
770,1N4AB7A,13:14:04,13:26:29,,,14:37:03,15:10:15
771,3C3CFFJ,13:14:17,,14:03:15,,15:01:31,15:30:12
772,3D7TT2C,13:14:46,,14:14:29,14:26:34,15:01:07,15:39:45
773,WBASN0C,13:15:09,,14:03:45,,15:02:05,15:31:53
774,JA32U1F,13:15:36,13:29:07,,14:05:38,14:36:59,15:09:08
775,WAULK78,13:16:42,,14:00:34,,14:53:27,15:20:35
776,WVWAN7A,13:17:06,,14:09:33,,15:11:43,15:43:40
777,19VDE1F,13:17:41,,14:12:51,,15:18:03,15:52:56
778,1FMCU4K,13:17:48,13:28:03,,13:58:22,,14:59:00
779,JM1NC2L,13:17:53,,14:05:07,,15:02:23,15:31:25
780,1G4GF5E,13:18:25,,14:14:58,,15:21:27,15:56:44
781,WAULT58,13:18:41,,14:03:39,,14:57:01,15:24:37
782,4JGDA0E,13:18:55,13:28:32,,13:56:35,14:25:28,14:54:25
783,4A37L2E,13:19:31,13:28:15,,13:54:26,,14:49:45
784,1N6AF0L,13:20:03,,14:13:59,,15:17:55,15:49:50
785,WBXPA93,13:20:25,,14:11:38,,15:13:09,15:43:25
786,3N1AB6A,13:20:47,,14:10:13,,15:09:33,15:39:25
787,WVGAV7A,13:21:31,13:28:05,,13:51:10,,14:43:00
788,WBAAV53,13:21:37,13:27:15,,13:48:41,,14:38:32
789,1ZVBP8A,13:21:39,,14:12:30,,15:13:17,15:43:38
790,WDCYC3H,13:22:05,,14:14:01,,15:15:51,15:45:54
791,WAUVT68,13:22:43,13:31:40,,13:59:31,,14:56:34
792,WBA3N3C,13:23:09,,14:17:28,,15:22:42,15:53:53
793,WBAYP9C,13:23:40,13:31:26,,13:56:30,,14:50:38
794,WVWAN7A,13:24:09,13:37:13,,14:13:27,,15:21:37
795,WAUVC68,13:24:56,,14:04:20,,14:51:41,15:17:18
796,3N1CE2C,13:25:36,,14:18:41,,15:22:31,15:53:54
797,2T1BU4E,13:26:34,,14:13:48,14:23:34,14:51:39,15:18:57
798,2G4WF55,13:26:42,,14:20:53,,15:26:50,15:58:23
799,1D7RW3G,13:27:21,,14:13:34,,15:08:57,15:37:06
800,1GKS2FE,13:27:46,,14:27:06,,15:37:13,16:10:58
801,WAULT58,13:28:20,13:43:07,,14:22:23,,15:33:36
802,WAUMFAF,13:28:28,13:43:54,,14:25:26,,15:39:20
803,WAUEFAF,13:28:42,13:36:50,,14:03:57,14:27:19,14:48:41
804,JN1AZ4E,13:29:15,,14:17:59,14:27:09,,15:23:37
805,SALCT2B,13:29:24,13:39:45,,14:11:28,14:41:35,15:19:09
806,JH4DC53,13:29:32,13:43:00,,,14:55:23,15:32:22
807,WAUUL58,13:29:49,,14:18:37,14:24:45,14:48:33,15:17:14
808,2C3CA4C,13:30:07,,14:23:35,,15:26:40,15:59:07
809,2FMPK3J,13:31:16,13:39:50,,14:07:04,,15:03:59
810,2LMHJ5A,13:31:20,13:42:13,,14:12:56,,15:13:46
811,3FA6P0D,13:31:23,,14:18:04,14:27:06,14:57:01,15:24:33
812,1G6KD57,13:31:56,,14:14:25,,15:05:58,15:32:06
813,3D4PH6F,13:32:01,,14:26:26,14:37:43,15:10:02,15:43:55
814,JN8AF5M,13:32:02,13:43:07,,14:15:09,,15:17:45
815,WAUKH98,13:32:33,13:40:36,,14:07:20,,15:02:22
816,1G6AK5S,13:32:44,13:42:50,,14:13:39,,15:14:06
817,JTJBC1B,13:32:48,13:43:22,,,14:59:46,15:30:28
818,WBAVC53,13:33:00,,14:17:52,,15:12:19,15:37:47
819,YV1952A,13:33:15,,14:28:52,14:39:32,,15:41:23
820,19VDE1F,13:34:04,13:41:29,,14:05:41,,14:58:47
821,WBAUN7C,13:34:38,13:47:18,,,15:02:01,15:33:20
822,WBAKP9C,13:35:31,,14:20:12,,15:13:25,15:40:46
823,WDDPK4H,13:36:33,,14:20:05,,15:12:39,15:40:38
824,1C4SDHC,13:36:41,,14:25:12,14:34:45,15:03:05,15:31:10
825,JN1BV7A,13:37:34,,14:26:08,14:33:41,,15:21:22
826,3D7TT2C,13:38:15,13:49:42,,14:22:35,,15:24:57
827,WBA3B3C,13:39:06,,14:23:28,,15:17:01,15:44:46
828,WP0CA2A,13:39:24,13:46:29,,14:12:28,,15:06:49
829,JTHFE2C,13:39:36,13:48:52,,14:18:50,14:43:17,15:10:21
830,5GADX33,13:40:46,,14:33:20,14:45:57,,15:47:31
831,1N6AA0E,13:40:48,,14:28:06,14:37:21,15:06:10,15:33:43
832,1G4GD5G,13:41:41,13:53:03,,14:26:13,15:01:19,15:38:58
833,1G6DP1E,13:41:49,13:52:51,,14:26:33,,15:31:02
834,JN8AZ2K,13:42:45,,14:35:05,,15:37:16,16:08:29
835,1G6DM8E,13:43:34,,14:34:54,,15:36:53,16:07:10
836,ML32A3H,13:43:54,,14:31:09,,15:29:03,15:56:29
837,1GYS3CE,13:43:56,13:52:10,,14:19:56,,15:16:24
838,5J6YH1H,13:44:22,,14:42:54,15:00:02,15:45:21,16:21:46
839,JTDZN3E,13:44:45,,14:28:54,,15:22:35,15:49:44
840,WBAPH7G,13:45:14,,14:31:20,14:40:30,,15:37:59
841,JTEBU5J,13:45:30,13:55:02,,14:23:21,14:49:20,15:05:36
842,JH4CU26,13:45:30,,14:24:49,,15:11:50,15:36:57
843,JTDZN3E,13:46:21,,14:32:29,14:41:33,15:10:22,15:37:26
844,4T1BD1F,13:46:40,,14:40:20,,15:44:00,16:15:34
845,WVWBN7A,13:47:22,13:58:45,,14:30:48,15:09:17,15:42:02
846,1G4GD5E,13:47:32,,14:36:35,14:45:08,,15:41:29
847,WBAUT9C,13:47:52,13:56:56,,14:25:31,,15:24:06
848,5J8TB4H,13:47:57,,14:42:08,14:53:26,15:26:44,16:01:43
849,JN8AZ1M,13:50:35,,14:53:30,,16:08:02,16:43:42
850,WBAUN1C,13:51:01,14:00:02,,14:28:49,,15:27:26
851,SCBLE47,13:52:42,14:00:41,,14:25:32,,15:18:23
852,19UUA8F,13:52:58,,14:55:55,15:08:32,,16:10:54
853,WBAEN33,13:53:16,,14:36:21,14:44:56,,15:42:45
854,WAUGL98,13:53:40,14:05:12,,14:38:56,15:16:27,15:49:01
855,KL4CJHS,13:53:57,14:04:30,,14:35:38,15:16:47,15:52:29
856,2HNYB1H,13:54:47,,14:41:53,,15:37:58,16:06:42
857,WAUKFBF,13:54:56,14:09:54,,14:48:15,15:27:55,16:01:47
858,SCBDC4B,13:55:23,,14:48:16,,15:50:51,16:21:56
859,WDDGF4H,13:55:35,14:03:46,,,15:02:20,15:31:47
860,SCFBF03,13:55:40,,14:39:27,,15:32:15,16:00:12
861,1N6AA0C,13:57:05,14:08:53,,,15:19:08,15:49:22
862,1G6DJ57,13:57:08,14:05:31,,14:32:06,,15:28:38
863,1N6AD0C,13:57:30,14:01:41,,14:20:53,,15:07:54
864,WAUFFBF,13:58:04,14:06:40,,14:34:16,,15:31:12
865,5NPEB4A,13:59:13,,14:56:18,,16:04:26,16:37:53
866,WBA6B2C,13:59:19,14:12:53,,,15:25:40,15:59:22
867,WAUBVAF,14:00:02,14:08:38,,14:36:34,,15:34:21
868,1FMJK1J,14:00:09,14:12:46,,,15:24:29,15:56:26
869,SALGS2T,14:00:10,14:08:15,,14:34:22,,15:29:25
870,5N1AR2M,14:01:12,14:07:35,,14:30:57,,15:22:05
871,19UUA65,14:01:45,14:06:47,,,15:09:00,15:37:11
872,SCBBR9Z,14:02:07,,14:52:35,,15:53:23,16:23:43
873,WAU4GAF,14:02:11,14:11:04,,14:38:15,15:08:05,15:32:58
874,JN1AZ4E,14:02:20,,14:53:06,,15:54:00,16:24:51
875,WDDHF7G,14:02:21,,14:54:00,,15:55:24,16:27:19
876,2C3CCAK,14:02:59,14:16:31,,14:54:13,,16:03:54
877,3GYFNFE,14:03:20,14:14:45,,14:47:23,,15:51:09
878,1N6AA0E,14:03:22,14:10:36,,14:34:52,15:02:47,15:30:05
879,WVWAA7A,14:03:46,,14:53:16,14:59:18,,15:53:35
880,WAUDFAF,14:04:07,14:09:21,,14:29:24,14:51:31,15:13:18
881,3D7TT2C,14:04:08,,15:02:15,,16:12:52,16:46:26
882,SCBLF44,14:04:16,14:12:18,,,15:17:47,15:42:48
883,1FTMF1E,14:04:54,14:20:59,,15:04:01,15:34:45,16:04:55
884,WAULC58,14:05:16,14:16:24,,14:48:52,,15:51:21
885,JTHBL5E,14:05:40,14:15:17,,14:44:00,,15:42:54
886,1G4PT5S,14:06:21,,15:01:20,,16:07:13,16:38:54
887,4T1BK3D,14:06:47,14:20:42,,14:57:09,,16:05:56
888,JH4CU2F,14:06:52,,14:54:41,,15:52:38,16:19:51
889,JH4DC53,14:07:13,14:16:32,,14:45:27,,15:43:30
890,SCFPDCG,14:07:16,,14:58:14,15:09:09,,16:11:59
891,KNADH4A,14:07:38,14:17:16,,14:45:35,,15:44:32
892,WBASP0C,14:07:56,14:17:01,,,15:11:37,15:37:59
893,WBADX1C,14:08:11,,15:01:25,,16:05:07,16:37:19
894,WAUVT68,14:08:20,14:18:17,,14:47:55,,15:47:18
895,JN1CV6E,14:09:11,14:19:35,,14:51:19,,15:52:21
896,WAUMGBF,14:09:53,,14:57:58,15:05:47,,15:59:08
897,YV1960B,14:09:54,14:15:59,,14:38:42,15:05:47,15:30:13
898,1FTEW1C,14:10:02,,15:03:25,,16:07:10,16:38:33
899,2C3CCAB,14:10:33,,15:01:17,,16:01:49,16:32:18
900,WAUDH78,14:10:34,14:24:27,,15:00:44,,16:07:56
901,1YVHZ8B,14:11:20,,15:05:42,15:17:10,,16:20:08
902,WBA3V5C,14:11:24,,15:04:51,,16:09:40,16:40:46
903,1G6DP5E,14:12:29,14:25:48,,15:02:35,,16:10:13
904,3D73Y3C,14:12:32,,14:50:21,,15:35:26,15:59:38
905,3C63D3L,14:12:35,14:23:50,,14:57:17,,16:01:13
906,5FRYD3H,14:12:47,14:27:23,,15:05:50,,16:16:46
907,2HNYD18,14:13:03,14:19:42,,,15:28:49,15:56:47
908,1G6KD57,14:13:55,14:25:48,,14:59:24,,16:03:56
909,1ZVBP8A,14:13:55,,15:11:10,,16:19:42,16:53:08
910,WAULT58,14:14:25,14:18:07,,14:35:24,,15:20:13
911,1FADP5C,14:14:37,,15:03:00,,16:00:23,16:29:37
912,1G6KS54,14:14:59,14:24:58,,14:54:00,,15:53:43
913,WBAPN73,14:15:23,14:24:46,,14:54:33,15:18:52,15:42:46
914,3C4PDDD,14:15:48,,15:03:05,,16:00:54,16:28:14
915,5FRYD3H,14:16:08,,14:59:03,,15:50:39,16:17:59
916,WBAFR7C,14:16:52,14:24:51,,14:50:50,15:20:31,15:45:42
917,1G6ET12,14:17:10,14:25:45,,14:53:27,,15:50:28
918,1B3CB7H,14:17:44,14:28:07,,14:58:42,15:32:24,16:08:21
919,WP1AE2A,14:18:14,14:31:31,,15:08:06,,16:15:09
920,WBA3N5C,14:18:48,,15:16:08,15:27:33,16:00:59,16:37:18
921,WAUMFAF,14:18:50,,15:21:27,,16:33:41,17:13:59
922,WBAGL63,14:19:52,14:34:20,,15:13:42,,16:24:59
923,3N1AB6A,14:20:14,14:24:49,,14:44:36,,15:31:42
924,1G6DF8E,14:20:31,14:30:50,,15:02:06,15:36:42,16:15:13
925,JH4CU2F,14:20:49,14:31:07,,15:01:59,,16:02:19
926,WDCYC7D,14:21:29,14:34:53,,15:12:36,15:48:56,16:22:51
927,JTJBM7F,14:22:04,14:31:22,,14:59:31,,15:58:08
928,2T1BU4E,14:22:11,14:32:35,,15:04:04,15:47:19,16:19:16
929,WAUBFAF,14:22:24,14:36:09,,15:12:15,,16:19:42
930,1GYS4EE,14:23:23,14:33:42,,,15:54:36,16:28:10
931,137FA90,14:24:01,,15:10:20,,16:06:06,16:34:39
932,1D7CW7G,14:24:13,14:34:15,,15:06:00,15:46:42,16:17:37
933,4JGBF2F,14:24:36,14:35:05,,15:06:58,15:40:28,16:13:17
934,WBA3B5G,14:24:48,,15:20:46,15:32:49,16:06:54,16:41:19
935,2C3CCAS,14:25:32,14:36:01,,15:07:12,,16:10:01
936,WAUSH74,14:25:37,14:33:46,,15:00:57,,15:58:43
937,1G6DS1E,14:25:49,,15:25:47,15:36:10,16:07:47,16:46:46
938,5GAEV13,14:25:58,,15:16:18,,16:16:45,16:47:17
939,3GTU2YE,14:28:01,14:39:10,,15:12:06,,16:14:48
940,KM8NU4C,14:28:07,,15:19:52,,16:21:51,16:52:32
941,1FADP5C,14:28:24,,15:27:25,15:40:11,16:15:24,16:53:10
942,1GD311C,14:28:32,14:41:12,,15:15:57,,16:21:08
943,JTJBC1B,14:28:48,,15:13:50,15:19:35,15:40:50,16:07:02
944,3GYEK63,14:29:08,14:43:24,,15:23:17,15:56:53,16:27:11
945,WAUCVAF,14:30:23,,15:30:07,,16:39:51,17:17:01
946,JN8AZ2K,14:30:44,14:42:49,,15:17:02,,16:23:01
947,1FTWW3C,14:31:27,14:37:32,,15:00:21,,15:50:35
948,WBXPC93,14:31:29,,15:23:27,,16:25:34,16:56:01
949,2G4WE58,14:31:38,,15:13:49,,16:05:35,16:32:38
950,WBAVC53,14:31:58,14:34:39,,14:50:10,15:14:17,15:42:51
951,2LMHJ5F,14:32:41,14:43:04,,15:13:59,15:46:57,16:17:36
952,WAULK98,14:33:00,14:42:03,,15:10:55,,16:08:05
953,2G4GK5E,14:33:09,14:43:00,,15:11:53,15:40:27,16:08:34
954,3D73M4H,14:34:02,,15:28:12,15:39:20,16:12:44,16:47:23
955,3N1CN7A,14:34:10,14:41:58,,,15:34:44,16:03:20
956,WBADW3C,14:34:19,,15:28:33,,16:33:39,17:05:04
957,JHMFA3F,14:35:03,14:43:34,,15:10:02,,16:05:15
958,WAUAVAF,14:35:03,14:47:56,,15:23:47,16:02:03,16:39:54
959,5J6TF1H,14:35:04,14:41:49,,15:05:39,,15:57:48
960,1N6BF0K,14:35:36,,15:38:55,15:50:16,,16:50:20
961,2HNYD2H,14:35:53,,15:29:52,,16:33:36,17:05:03
962,1D4RD3G,14:35:54,14:45:30,,15:14:40,,16:13:53
963,2G4GX5G,14:35:57,14:44:52,,,15:54:04,16:22:08
964,WAUEG78,14:36:20,14:48:35,,15:23:34,,16:29:00
965,JH4DC54,14:36:56,14:43:58,,15:09:50,,16:03:54
966,5J8TB3H,14:37:12,,15:27:36,15:38:13,16:08:52,16:39:25
967,WA1LGBF,14:37:46,14:44:57,,15:09:39,,16:03:38
968,1G4HP52,14:38:35,,15:23:47,,16:18:06,16:46:45
969,WBAWB73,14:38:52,,15:28:24,,16:27:59,16:57:09
970,WDDJK6F,14:39:05,,15:23:21,,16:18:18,16:45:22
971,1C4NJCB,14:39:24,,15:28:40,,16:28:10,16:57:19
972,4JGBF2F,14:39:26,14:47:32,,15:13:49,,16:09:45
973,3D7JV1E,14:39:34,,15:23:23,,16:16:57,16:41:31
974,WBANU5C,14:40:12,,15:35:18,15:48:07,,16:52:26
975,JH4DC54,14:41:11,14:53:04,,15:25:37,,16:28:53
976,1GD11ZC,14:41:46,14:48:55,,15:13:43,15:38:37,16:06:09
977,JTHFE2C,14:42:13,14:53:32,,15:25:58,,16:28:38
978,2C3CDXC,14:42:59,,15:38:45,15:50:38,16:24:21,16:58:55
979,JN1CV6A,14:43:02,,15:32:14,15:41:13,,16:37:14
980,2G4GW5E,14:44:32,14:53:36,,15:21:49,15:43:20,16:04:52
981,JN1BY1P,14:44:46,,15:32:24,15:37:44,15:59:13,16:27:58
982,KM8JT3A,14:44:54,,15:36:41,,16:38:23,17:09:22
983,WA1DGAF,14:45:02,,15:36:23,,16:38:13,17:08:43
984,WAULV44,14:46:08,,15:33:16,,16:30:29,17:00:25
985,WUAYU48,14:46:20,,15:27:23,,16:17:17,16:43:33
986,WAUGL98,14:47:06,,15:48:31,15:59:43,16:31:53,17:11:12
987,WAUBT48,14:47:35,14:58:23,,,16:17:32,16:48:15
988,1G6DL5E,14:47:35,,15:48:18,,17:00:37,17:35:26
989,1FMCU0D,14:48:25,,15:40:36,15:52:42,,16:58:28
990,5GAKRBK,14:48:54,,15:35:18,,16:31:11,17:00:05
991,WBAKB0C,14:48:57,,15:28:52,,16:16:43,16:42:32
992,1GTG5BE,14:49:09,14:56:11,,15:20:24,,16:13:45
993,WDDLJ9B,14:49:13,,15:42:54,,16:45:56,17:17:52
994,1FTEX1C,14:49:57,14:57:49,,15:22:45,15:37:55,16:06:35
995,3VW507A,14:50:12,,15:34:35,,16:27:46,16:55:25
996,SCBLF34,14:50:12,,15:41:18,15:56:11,,17:00:35
997,WBAUN7C,14:50:35,,15:39:26,15:48:50,,16:40:57
998,WAUKH78,14:50:55,,15:35:54,,16:30:33,16:56:07
999,1GYS4KE,14:51:08,14:57:43,,15:20:11,15:46:40,16:09:43
1000,WAUCFAF,14:51:11,15:00:02,,15:26:05,,16:22:58
1001,1D4PT6G,14:51:19,,15:41:49,,16:42:42,17:13:18
1002,KNAGM4A,14:51:35,,15:55:52,,17:10:22,17:52:44
1003,1C3CCBA,14:51:58,15:02:19,,15:33:34,,16:36:33
1004,JN8AS5M,14:52:00,,15:38:53,,16:34:54,17:03:37
1005,1FTWF3B,14:53:06,15:02:53,,15:32:23,,16:31:33
1006,1D4PU6G,14:53:22,15:06:47,,15:43:46,,16:50:49
1007,TRUTC28,14:53:33,,15:39:00,15:46:48,,16:44:20
1008,SCFEBBB,14:53:39,,15:39:23,,16:35:08,17:01:13
1009,WAULD54,14:54:46,,15:57:35,,17:12:12,17:47:59
1010,WAUDK78,14:55:07,15:02:56,,15:27:28,15:49:50,16:19:39
1011,2C3CDYB,14:55:15,15:04:41,,15:33:51,,16:33:22
1012,WUAW2BF,14:55:52,,15:47:31,,16:48:45,17:18:57
1013,5FNYF3H,14:57:07,,15:42:39,,16:36:44,17:04:16
1014,1FTWW3A,14:57:17,,15:47:02,,16:46:48,17:16:43
1015,19UUA66,14:57:18,15:04:57,,15:29:42,,16:23:06
1016,WDCGG0E,14:57:26,15:05:10,,15:30:20,,16:24:49
1017,JH4CU2E,14:57:49,,15:45:55,,16:43:42,17:13:31
1018,1G6DG1E,14:58:06,15:09:44,,15:42:54,16:17:36,16:48:03
1019,JN1CV6E,14:58:18,,15:54:44,16:06:48,,17:08:51
1020,WAUDGBF,14:58:42,,15:54:00,16:06:44,16:40:53,17:15:01
1021,5GAKRDK,14:59:22,,15:42:07,,16:32:21,16:58:47
1022,WAU4FAF,15:00:25,15:08:42,,,16:15:27,16:44:52
1023,1G6AJ5S,15:00:35,,15:40:14,,16:27:37,16:53:36
1024,WBA3B9G,15:00:51,,15:51:02,16:04:42,16:41:32,17:12:29
1025,1GD02ZC,15:01:43,15:13:10,,15:46:01,,16:49:12
1026,SALAG2D,15:03:26,,15:58:05,,17:03:38,17:35:39
1027,1YVHZ8B,15:04:50,15:15:00,,15:46:25,,16:48:40
1028,WDCYC3H,15:05:08,15:18:02,,15:52:58,16:26:17,16:58:07
1029,3D73M4C,15:06:11,15:14:52,,15:41:51,16:05:36,16:29:50
1030,1G6AK5S,15:06:17,,15:56:50,,16:57:10,17:27:27
1031,WA1VMAF,15:07:20,15:19:53,,15:55:28,,17:03:27
1032,3C63DRN,15:07:21,,16:05:59,,17:14:31,17:51:53
1033,3C63DRH,15:07:40,15:19:14,,15:51:31,,16:55:03
1034,SCBFH7Z,15:08:34,15:16:02,,15:40:50,16:01:02,16:27:54
1035,JM3KE2B,15:08:52,15:20:55,,15:55:21,16:27:17,16:59:09
1036,SCFBF03,15:10:21,,15:55:55,,16:50:47,17:18:57
1037,JH4CU2E,15:10:25,,16:04:42,,17:10:31,17:43:26
1038,KMHFC4D,15:10:38,15:20:30,,,16:25:37,16:52:48
1039,1FTEX1E,15:12:07,,15:53:37,,16:44:51,17:08:31
1040,3N1AB7A,15:12:13,15:18:57,,15:41:05,,16:31:11
1041,1FTSX2A,15:12:51,15:26:09,,16:04:00,,17:12:24
1042,WAUHFAF,15:13:33,15:24:36,,,16:35:38,17:12:06
1043,YV1902F,15:13:53,15:26:57,,16:03:48,,17:10:54
1044,1FTEX1C,15:13:55,,16:03:12,,17:02:58,17:32:52
1045,3LN6L2L,15:14:02,15:25:39,,15:59:02,,17:03:22
1046,5J8TB4H,15:15:01,15:27:47,,16:02:30,,17:07:39
1047,WBAEK73,15:16:11,15:28:55,,16:03:22,,17:09:18
1048,SCFEBBB,15:16:14,15:24:59,,15:52:31,16:18:11,16:47:25
1049,1D4SD6G,15:17:18,15:27:54,,15:58:59,,17:00:31
1050,1FMJK1H,15:17:42,15:29:30,,16:01:59,,17:05:21
1051,1FTEW1C,15:17:43,,16:02:29,16:10:38,16:38:13,17:03:36
1052,5NPEB4A,15:17:57,15:28:07,,15:59:15,,17:00:42
1053,1FTEW1C,15:18:13,15:28:21,,15:58:57,,16:59:17
1054,5N1AN0N,15:19:10,15:35:09,,16:15:29,16:45:32,17:21:50
1055,WUADUAF,15:19:11,15:29:21,,15:59:34,16:34:35,17:08:11
1056,WBAYE8C,15:19:17,15:27:03,,15:52:52,16:20:44,16:39:12
1057,1GYFK16,15:19:27,15:30:35,,16:03:47,,17:08:39
1058,5N1AZ2M,15:19:44,,16:07:21,,17:04:09,17:32:21
1059,SCBET9Z,15:19:56,,16:00:04,,16:49:57,17:16:33
1060,5J8TB2H,15:20:18,,16:18:24,16:28:59,17:00:06,17:36:26
1061,137ZA90,15:20:22,,16:16:41,,17:25:11,17:57:51
1062,WAULT58,15:20:24,,16:03:06,,16:53:09,17:19:30
1063,5FRYD3H,15:21:22,15:28:33,,15:53:06,,16:46:23
1064,3N1CN7A,15:21:31,,16:11:27,,17:10:46,17:40:17
1065,2GKALME,15:21:36,,16:15:08,16:25:27,16:56:37,17:29:10
1066,WA1LMBF,15:21:42,15:32:50,,16:06:22,,17:10:35
1067,3GYFNEE,15:22:28,15:32:54,,16:04:38,16:41:10,17:12:09
1068,3D4PG9F,15:22:37,,16:11:26,,17:09:35,17:39:08
1069,1G6AK5S,15:23:22,15:31:46,,15:58:34,,16:54:23
1070,1G6EL12,15:23:23,15:33:55,,16:04:20,16:40:19,17:13:13
1071,1G4GG5G,15:23:28,,16:17:21,16:28:38,17:02:14,17:34:21
1072,3VW217A,15:23:40,15:30:26,,15:53:00,16:19:44,16:40:53
1073,WAUEH48,15:23:53,,16:23:24,,17:34:41,18:09:05
1074,JH4KB16,15:24:07,15:35:08,,,16:49:25,17:20:27
1075,WAUDF78,15:25:21,,16:21:18,,17:27:25,17:59:57
1076,WAUCFAF,15:25:27,,16:15:41,,17:15:55,17:46:33
1077,WAURVAF,15:25:35,,16:22:39,,17:32:38,18:06:10
1078,SCBLF44,15:26:00,15:36:47,,16:07:33,16:53:49,17:24:07
1079,WA1LGAF,15:26:21,,16:20:54,,17:26:37,17:58:28
1080,5TDBCRF,15:27:22,,16:23:55,,17:31:22,18:03:58
1081,WBA3B9C,15:28:00,,16:20:22,,17:22:55,17:54:27
1082,TRUDD38,15:28:17,15:34:42,,15:58:36,16:20:09,16:47:37
1083,JN1AZ4E,15:28:17,,16:25:04,,17:32:20,18:05:11
1084,4A31K3D,15:28:39,15:38:16,,16:08:07,,17:07:46
1085,WAUWG94,15:28:58,,16:17:55,16:25:02,,17:17:17
1086,WAUEFAF,15:29:00,,16:23:11,,17:28:23,17:59:30
1087,WAULC68,15:29:25,,16:20:30,,17:22:42,17:53:24
1088,JH4NA21,15:29:32,,16:23:00,16:33:36,,17:51:46
1089,WAUAF68,15:29:34,,16:10:10,,16:58:24,17:24:06
1090,5N1AZ2M,15:30:05,15:40:53,,16:11:32,16:46:01,17:21:17
1091,WAUVC68,15:30:11,15:38:37,,16:05:41,,17:01:49
1092,1GTPCTE,15:30:12,,16:23:53,,17:27:21,17:58:24
1093,WBA3B3G,15:30:18,15:40:52,,,16:59:17,17:33:36
1094,SCBGU3Z,15:30:52,,16:27:10,,17:34:48,18:07:04
1095,JA32X8H,15:31:35,15:41:52,,16:12:16,,17:12:43
1096,5N1AZ2M,15:31:41,,16:07:38,16:16:27,16:42:40,16:59:46
1097,WBAEK73,15:31:49,15:40:20,,16:07:00,16:35:15,17:02:08
1098,WUAW2BF,15:32:47,15:45:33,,16:20:13,16:54:43,17:25:56
1099,WAUCFAF,15:33:55,15:44:25,,16:16:07,,17:17:17
1100,1FADP5C,15:34:31,,16:23:56,16:28:42,,17:21:54
1101,1FTFW1E,15:34:42,,16:30:36,,17:36:47,18:08:59
1102,1N6BF0K,15:35:04,,16:18:21,,17:10:45,17:38:07
1103,2C4RDGC,15:35:41,,16:21:21,,17:16:31,17:45:17
1104,WBXPA93,15:36:00,,16:13:46,,16:58:27,17:22:35
1105,1FMEU8F,15:36:19,,16:18:17,,17:08:24,17:34:43
1106,4T1BD1F,15:36:35,,16:14:32,,17:00:13,17:24:15
1107,1FTEX1C,15:36:41,,16:24:50,,17:23:33,17:52:48
1108,1FTEX1C,15:37:26,,16:26:29,16:34:47,17:01:01,17:30:47
1109,WAUHF98,15:38:12,,16:29:18,,17:32:11,18:02:54
1110,1GYEC63,15:38:20,15:48:55,,16:20:12,,17:22:09
1111,WBAUC7C,15:38:21,15:45:46,,16:10:18,,17:03:26
1112,WAUHFAF,15:38:25,,16:34:57,16:46:12,,17:52:13
1113,WDDGF4H,15:38:26,,16:30:51,16:42:47,,17:50:24
1114,WAUSG78,15:39:23,,16:22:57,,17:15:21,17:42:48
1115,1G6AK5S,15:39:39,15:47:11,,16:12:49,,17:07:05
1116,WAUFMBF,15:39:57,,16:33:56,,17:38:44,18:10:10
1117,3GTU1YE,15:40:46,,16:25:13,,17:18:34,17:46:13
1118,3C3CFFD,15:41:05,15:51:49,,16:22:14,,17:23:05
1119,1G6DW67,15:42:34,,16:37:54,,17:44:21,18:17:15
1120,1YVHZ8B,15:43:03,,16:36:58,,17:41:21,18:13:03
1121,2HNYD28,15:43:08,15:54:18,,16:27:40,17:02:23,17:39:59
1122,1G6DP5E,15:44:27,15:51:41,,16:15:55,,17:09:41
1123,WBAEU33,15:45:15,,16:24:45,16:34:10,,17:25:21
1124,KMHTC6A,15:48:09,,16:32:58,16:42:23,,17:39:09
1125,JH4NA21,15:49:34,15:55:18,,16:15:41,,17:04:14
1126,2G4WD56,15:49:41,,16:37:34,16:46:46,17:16:13,17:45:11
1127,KMHHT6K,15:50:11,,16:39:22,,17:38:50,18:08:09
1128,WBSKG9C,15:50:13,16:02:20,,16:37:14,,17:42:46
1129,JHMZF1C,15:50:35,15:58:34,,16:23:57,16:43:33,17:07:36
1130,3C4PDDG,15:50:47,16:00:34,,16:29:05,,17:27:27
1131,WAUDGAF,15:50:53,16:03:43,,16:38:57,,17:45:46
1132,3D4PG9F,15:51:04,16:03:07,,,17:18:03,17:54:00
1133,WP0AA2A,15:51:59,,16:49:49,,17:59:12,18:32:42
1134,YV1672M,15:52:02,16:02:28,,16:32:39,17:05:42,17:38:32
1135,2FMDK3K,15:52:04,,16:44:31,,17:47:35,18:19:14
1136,WAUVF98,15:53:29,16:06:15,,16:41:53,,17:48:22
1137,1G6YX36,15:53:40,,16:41:04,,17:38:05,18:06:57
1138,WBAYB6C,15:54:26,16:01:37,,16:26:09,,17:19:57
1139,WBA3A5C,15:55:01,16:07:44,,16:41:50,,17:47:08
1140,JTDKDTB,15:56:06,,16:47:49,17:00:07,,18:04:38
1141,5LMJJ2H,15:56:11,16:09:27,,16:47:22,17:22:03,17:57:00
1142,SCBLC43,15:56:23,16:03:06,,16:27:02,,17:18:17
1143,5XYKT3A,15:56:28,16:05:37,,16:35:11,17:01:08,17:28:28
1144,2T1BURH,15:56:37,16:04:40,,16:31:34,16:59:41,17:25:28
1145,1C3CCBC,15:57:05,16:06:03,,,17:15:16,17:42:21
1146,JN1CV6F,15:58:20,16:09:31,,16:42:52,,17:47:40
1147,3VWML7A,15:58:51,16:10:18,,16:43:44,,17:48:40
1148,WBA3A9C,15:59:00,16:08:48,,16:37:01,,17:35:17
1149,KMHGH4J,16:00:30,,16:52:22,,17:54:04,18:25:47
1150,5J8TB1H,16:00:33,,16:54:38,,18:00:04,18:33:02
1151,JH4DC53,16:00:39,16:08:41,,,17:10:40,17:36:45
1152,5UXZV4C,16:01:05,16:10:30,,16:39:56,17:08:26,17:35:25
1153,YV4940B,16:01:15,16:15:02,,16:52:06,,18:02:00
1154,TRUVD38,16:03:20,,16:51:13,,17:49:07,18:18:36
1155,5FRYD4H,16:04:00,,16:53:10,,17:51:34,18:21:09
1156,SCBLE37,16:04:14,,16:58:21,,18:02:51,18:36:33
1157,SCFAB05,16:04:19,,17:00:55,17:11:00,,18:12:08
1158,KNDPB3A,16:04:20,16:15:05,,16:45:16,,17:46:00
1159,KNAFX5A,16:04:40,16:13:20,,16:39:31,,17:34:33
1160,5TDBW5G,16:05:04,16:11:35,,16:34:57,,17:27:11
1161,2G4GS5E,16:05:04,,16:51:27,17:01:14,17:31:03,17:58:20
1162,1GKUCFD,16:05:17,,16:48:30,16:58:23,,17:51:56
1163,3D73Y4C,16:06:16,16:17:49,,16:50:48,,17:54:35
1164,JTDZN3E,16:07:41,,16:55:09,17:01:08,17:21:23,17:48:38
1165,19UUA9F,16:07:52,,16:55:07,,17:52:09,18:21:31
1166,4USCN33,16:08:02,,16:53:34,,17:48:52,18:15:19
1167,WAUHFAF,16:08:33,,16:57:48,17:05:12,,17:58:09
1168,JH4KB16,16:09:05,,17:03:15,,18:08:50,18:40:37
1169,WA1DMAF,16:09:10,,17:02:24,,18:07:07,18:38:46
1170,1G4PP5S,16:09:43,,17:06:30,,18:15:19,18:47:20
1171,WBADN53,16:09:43,,16:40:54,16:49:17,17:15:49,17:30:05
1172,WBAWL13,16:09:53,16:20:25,,16:50:47,,17:50:51
1173,1G6DP1E,16:10:46,16:25:41,,17:04:34,,18:15:31
1174,WBAYG6C,16:10:52,,17:05:49,,18:11:48,18:44:12
1175,WAUAF78,16:11:19,,16:55:53,17:02:29,,18:01:30
1176,WBABW33,16:11:23,,17:01:42,,18:01:56,18:32:33
1177,5N1AR2M,16:11:53,,16:57:00,17:06:48,,18:06:23
1178,WBAUN13,16:12:04,,17:10:58,,18:20:14,18:53:16
1179,WAUXU64,16:13:00,16:25:05,,17:00:37,,18:07:27
1180,WA1CKBF,16:14:06,16:24:25,,16:55:43,,17:58:16
1181,WDDHF5K,16:14:43,16:28:21,,17:06:04,,18:15:42
1182,WAUAF78,16:15:02,16:24:59,,16:53:10,17:16:55,17:41:34
1183,ZHWGU6B,16:15:15,16:22:21,,,17:29:13,17:54:42
1184,WBADX7C,16:15:17,16:27:00,,16:59:34,,18:02:13
1185,4T1BF3E,16:15:43,16:27:22,,16:59:55,,18:02:33
1186,WAUBF78,16:16:12,16:25:41,,16:55:36,,17:54:53
1187,3GYT4NE,16:17:09,16:26:46,,16:55:23,,17:53:47
1188,WAUEF98,16:17:37,16:26:59,,,17:32:47,18:01:57
1189,2B3CA5C,16:18:26,16:33:18,,,17:52:50,18:26:25
1190,19XFB4F,16:18:48,,17:14:34,17:26:36,,18:36:34
1191,3C3CFFJ,16:19:20,16:25:50,,,17:31:57,17:59:32
1192,WAULFAF,16:19:33,16:30:56,,17:04:23,,18:08:19
1193,1C4RDJE,16:20:31,16:25:35,,16:46:42,,17:36:59
1194,WAUBGAF,16:20:48,,17:10:36,,18:09:33,18:39:16
1195,WAUXU64,16:21:11,16:33:45,,17:09:31,,18:16:27
1196,JN1AY1A,16:22:12,,17:14:46,17:25:57,,18:30:16
1197,3VW1K7A,16:22:16,,17:10:52,,18:09:33,18:38:12
1198,JTEBU4B,16:22:39,16:30:23,,16:55:50,,17:49:55
1199,JTEBU5J,16:22:40,16:31:46,,17:01:38,,18:00:54
1200,1C4RDJA,16:23:58,,17:07:10,,17:59:36,18:27:07
1201,5N1AR1N,16:24:26,,17:08:38,,18:01:45,18:28:50
1202,WDDNG9F,16:24:56,,17:22:50,,18:32:20,19:05:32
1203,1GKS1AE,16:25:27,,17:11:15,,18:05:20,18:33:16
1204,WAUDGAF,16:25:40,,17:13:09,,18:10:54,18:40:00
1205,1GYS4RK,16:26:04,16:37:16,,17:09:57,,18:12:50
1206,1B3CC5F,16:26:21,,17:10:36,,18:04:20,18:31:55
1207,1D7RW3B,16:26:28,16:37:20,,,17:47:49,18:18:36
1208,KL4CJHS,16:26:40,,17:16:50,,18:16:55,18:47:25
1209,YV4902D,16:26:47,16:37:14,,17:07:46,,18:07:56
1210,JH4DC43,16:26:50,,17:14:46,,18:11:29,18:40:11
1211,1G4CW54,16:27:21,16:37:20,,17:05:33,,18:04:03
1212,WBAFU9C,16:27:36,,17:16:28,,18:14:47,18:44:40
1213,2C3CDXH,16:27:51,16:36:31,,17:03:17,17:33:05,17:53:20
1214,4T1BK1E,16:28:42,,17:25:24,,18:32:22,19:07:36
1215,1G6AY5S,16:29:09,16:40:06,,17:10:28,,18:11:12
1216,JN8AZ2K,16:29:14,,17:18:08,,18:16:23,18:46:20
1217,JTEBU5J,16:29:24,16:41:09,,17:14:41,,18:17:48
1218,1FMJU1F,16:29:44,,17:14:50,17:23:57,,18:09:10
1219,5J8TB4H,16:30:15,,17:02:47,,17:42:41,18:04:53
1220,3C3CFFC,16:31:30,,17:25:39,17:37:56,,18:47:40
1221,1FMJK1G,16:31:42,16:37:00,,16:58:54,,17:48:21
1222,1GD21ZC,16:31:44,,17:10:52,,17:58:51,18:23:52
1223,1FT7W2A,16:32:11,,17:18:55,,18:15:09,18:42:40
1224,1G6KE57,16:33:24,,17:15:07,,18:05:58,18:32:24
1225,5J6TF2H,16:33:29,,17:15:58,17:21:15,,18:20:13
1226,WA1WMBF,16:33:55,,17:25:52,,18:28:47,18:59:27
1227,5TFBW5F,16:34:18,,17:32:44,,18:42:59,19:16:38
1228,1D7RV1C,16:34:59,,17:24:49,,18:24:02,18:53:38
1229,3GTU1YE,16:35:09,,17:18:31,,18:12:22,18:36:51
1230,1GYS4MK,16:35:17,16:41:48,,17:05:32,,17:57:58
1231,JTHBL1E,16:37:34,16:49:25,,,18:03:15,18:35:43
1232,WAUHF98,16:37:36,,17:27:47,17:39:18,,18:42:01
1233,SALWG2V,16:37:42,16:45:38,,17:09:55,,18:03:30
1234,1G6DK8E,16:37:42,,17:32:21,,18:37:31,19:09:52
1235,WBA5B1C,16:37:49,,17:20:51,,18:14:45,18:39:01
1236,1FTMF1C,16:37:51,16:51:17,,17:28:40,,18:37:26
1237,1G6DT57,16:39:09,,17:29:58,17:43:16,18:20:23,18:50:57
1238,3VW8S7A,16:39:13,,17:30:32,,18:33:30,19:04:23
1239,WAUCFAF,16:40:17,,17:36:57,17:47:02,,18:52:28
1240,1C3CC5F,16:40:44,16:48:21,,17:13:52,17:38:03,18:02:17
1241,1GYFK66,16:40:48,16:45:14,,17:04:07,17:33:50,18:03:13
1242,1VWAP7A,16:41:17,16:51:14,,17:20:32,,18:19:38
1243,5N1CR2M,16:44:36,16:57:15,,,18:11:14,18:44:10
1244,WAUDGBF,16:44:36,,17:43:02,,18:52:07,19:26:00
1245,1G6KD57,16:44:44,16:56:41,,17:28:49,,18:32:07
1246,1G6DG8E,16:45:10,,17:37:33,17:48:00,18:18:52,18:50:13
1247,2C3CA9C,16:45:42,16:54:39,,17:21:52,17:43:15,18:08:30
1248,WBAVT13,16:46:18,,17:28:40,,18:20:02,18:46:43
1249,2C3CDXJ,16:47:14,16:56:55,,17:26:33,17:51:29,18:17:16
1250,3VWML7A,16:47:28,16:52:40,,17:14:31,,18:04:22
1251,WUAW2AF,16:47:30,17:02:22,,17:41:55,,18:53:26
1252,1G6DM8E,16:47:56,,17:36:22,,18:34:38,19:03:53
1253,1GD22ZC,16:47:58,,17:40:33,17:53:36,18:30:46,19:02:23
1254,5N1AT2M,16:48:09,17:01:03,,17:35:36,,18:40:58
1255,WBAFR9C,16:49:13,,17:42:32,17:52:58,18:23:57,18:57:15
1256,WBAFA53,16:49:16,,17:33:07,,18:25:21,18:52:27
1257,3C63DRB,16:49:18,,17:40:41,,18:41:59,19:12:43
1258,3D73M4C,16:50:10,16:58:20,,17:25:13,17:43:22,18:10:08
1259,WAUEFAF,16:50:37,16:58:22,,17:23:59,,18:18:53
1260,1FTWW3A,16:51:00,,17:41:17,,18:42:01,19:12:58
1261,2G61W5S,16:51:47,,17:43:11,,18:44:20,19:16:02
1262,3GYT4ME,16:51:55,17:03:21,,17:35:37,,18:38:50
1263,3VW8S7A,16:52:48,,17:47:16,,18:53:05,19:25:54
1264,4T1BK1E,16:55:18,,17:48:15,18:03:26,,19:17:56
1265,WBA3T7C,16:55:45,,17:43:59,,18:42:46,19:11:50
1266,WAUFFBF,16:56:33,17:07:43,,17:40:02,18:15:15,18:48:20
1267,1FTSW2A,16:57:06,17:09:32,,,18:20:26,18:51:58
1268,3N1CN7A,16:57:20,,17:42:25,,18:37:42,19:03:54
1269,3D7TP2C,16:57:46,17:07:23,,17:36:59,18:03:52,18:17:20
1270,1G6DA8E,16:57:47,,17:59:38,,19:13:34,19:48:32
1271,WDDEJ9E,16:57:47,,17:47:30,,18:47:15,19:16:49
1272,JHMZF1D,16:57:58,,17:49:22,,18:50:23,19:20:56
1273,3FAHP0J,16:58:07,17:06:09,,17:32:47,,18:29:11
1274,1D4PU5G,16:58:36,,17:51:35,,18:55:29,19:26:47
1275,1G4PN5S,16:58:49,17:08:18,,17:38:05,,18:37:58
1276,2HNYD28,16:59:49,,17:42:18,,18:35:14,18:58:51
1277,1G6DH8E,17:00:00,17:10:43,,17:42:38,,18:44:28
1278,WAU2GBF,17:00:15,17:08:33,,17:35:46,,18:32:58
1279,5BZBF0A,17:01:11,,17:48:23,,18:46:11,19:16:07
1280,2C3CDXC,17:01:22,17:13:12,,17:45:49,,18:48:18
1281,2HNYD28,17:02:06,17:14:32,,,18:35:43,19:08:23
1282,1D7RB1C,17:02:08,,17:58:35,18:08:40,,19:09:36
1283,WAULT58,17:02:36,17:15:30,,17:49:41,,18:54:43
1284,5UXZV8C,17:03:24,,17:52:09,,18:51:08,19:20:53
1285,5UXFA93,17:04:09,,18:06:52,,19:22:41,19:58:04
1286,WAUSF98,17:04:12,,17:48:46,17:54:49,,18:54:04
1287,1G4GA5E,17:05:15,,17:42:31,,18:28:02,18:52:33
1288,JN1AJ0H,17:05:24,17:20:18,,17:58:54,,19:09:14
1289,KNAFU6A,17:05:31,,18:01:15,,19:07:11,19:41:33
1290,19UYA42,17:06:05,17:06:52,,17:17:38,,17:54:08
1291,1G6DL8E,17:07:33,17:18:11,,17:48:32,,18:49:29
1292,2G4GR5E,17:08:06,,17:57:18,,18:56:42,19:26:07
1293,1GYS4HK,17:08:27,17:22:05,,17:58:42,,19:06:07
1294,5XXGM4A,17:08:33,17:19:46,,17:51:54,18:26:11,19:04:37
1295,1C4RDJA,17:08:42,,17:59:37,18:10:50,18:42:55,19:13:54
1296,1FTEW1C,17:09:13,,18:08:37,18:19:30,,19:20:58
1297,WP0AA2A,17:09:40,,18:18:24,,19:36:55,20:22:43
1298,JN1AZ4E,17:09:55,17:17:12,,17:42:34,,18:37:32
1299,5N1AR2M,17:10:23,17:25:58,,,18:41:25,19:15:31
1300,1FMCU4K,17:10:40,,17:58:21,18:06:46,18:33:52,19:02:51
1301,WA1YD64,17:11:26,,18:11:20,18:23:02,,19:24:07
1302,WBA3A5C,17:11:59,17:25:27,,18:02:10,,19:10:38
1303,WAUEFAF,17:12:14,,18:02:39,18:15:33,,19:15:54
1304,1G6DM1E,17:12:29,,17:59:52,,18:57:16,19:25:47
1305,1GT02ZC,17:13:45,,18:07:57,,19:13:04,19:45:21
1306,3N1CN7A,17:15:00,17:24:11,,17:52:15,,18:50:43
1307,KMHTC6A,17:15:44,,18:07:30,,19:08:42,19:38:51
1308,5UXZW0C,17:16:32,17:28:59,,18:04:54,,19:11:00
1309,1G6DP57,17:16:47,17:23:10,,,18:24:57,18:50:55
1310,1N4AB7A,17:17:00,17:25:30,,17:52:55,,18:50:07
1311,2HNYD28,17:17:30,17:28:11,,17:58:27,,18:58:51
1312,1N6AF0K,17:17:45,17:30:09,,18:04:20,,19:10:14
1313,JN8AF5M,17:18:05,17:26:37,,17:54:00,,18:51:53
1314,WAUSH78,17:18:35,,18:19:51,,19:33:20,20:08:09
1315,2HNYD28,17:18:45,17:26:55,,17:53:31,,18:49:29
1316,JTDJTUD,17:19:01,,18:07:14,,19:04:41,19:34:37
1317,JN1AY1A,17:19:35,,18:12:59,18:25:57,19:00:52,19:34:39
1318,1G6DU6E,17:20:18,17:31:23,,18:04:40,,19:09:03
1319,WAUJF98,17:20:20,17:32:59,,18:07:38,18:42:05,19:16:33
1320,WA1CGAF,17:21:47,17:30:54,,17:59:45,18:23:54,18:52:34
1321,JTHBP5C,17:22:40,17:31:23,,17:58:20,,18:54:40
1322,JM3TB2B,17:23:14,17:32:52,,18:02:22,,19:01:53
1323,WBA3C3G,17:23:29,17:29:40,,17:53:09,,18:45:48
1324,1G6AU5S,17:23:47,,18:18:21,,19:22:51,19:54:01
1325,1C6RD7P,17:24:01,,18:26:23,,19:38:39,20:18:54
1326,KNADH4A,17:24:04,17:37:33,,,18:50:21,19:22:09
1327,1G6AC5S,17:24:29,,18:01:39,,18:47:29,19:12:19
1328,JN1CV6E,17:24:29,,18:10:37,,19:06:08,19:34:10
1329,2C4RDGB,17:24:36,17:31:57,,,18:36:07,19:04:58
1330,JM1CW2B,17:25:29,,18:18:30,,19:21:56,19:55:27
1331,SCFEFBB,17:25:51,17:38:41,,18:12:47,18:56:26,19:29:17
1332,WA1VMBF,17:25:54,,18:16:12,,19:16:33,19:46:59
1333,3N1CN7A,17:26:00,,18:19:13,,19:23:44,19:55:24
1334,WA1CFBF,17:26:02,17:31:50,,17:51:53,,18:40:10
1335,1GTN1TE,17:26:25,,18:11:28,18:19:01,18:43:11,19:09:37
1336,2T1BPRH,17:27:13,17:36:20,,18:04:22,18:27:12,18:53:39
1337,1N6BF0K,17:28:24,,18:10:10,18:19:00,,19:17:07
1338,1GD11ZC,17:28:25,17:34:57,,17:57:45,,18:48:21
1339,2FMDK4G,17:29:36,17:43:07,,18:19:53,,19:27:23
1340,WAUHF78,17:31:35,,18:22:02,,19:22:28,19:53:20
1341,WBAVC53,17:31:36,17:43:24,,,18:54:06,19:25:34
1342,1D7RB1G,17:31:40,17:38:44,,18:04:11,,18:59:50
1343,WBASP0C,17:31:41,,18:17:09,,19:11:59,19:39:16
1344,1N6AA0C,17:32:16,,18:20:27,,19:18:33,19:47:50
1345,JN8AF5M,17:33:59,17:49:58,,18:31:18,19:04:36,19:36:52
1346,1G4PT5S,17:34:12,17:41:20,,18:06:33,,19:00:57
1347,WAUDG78,17:34:17,,18:21:36,,19:19:12,19:48:53
1348,1VWAP7A,17:34:50,17:44:01,,18:13:09,,19:12:02
1349,3N1CN7A,17:35:23,,18:23:20,,19:19:43,19:48:32
1350,WBA3D3C,17:35:50,17:45:24,,18:15:20,,19:14:37
1351,JN1AZ4E,17:35:50,,18:26:23,,19:27:07,19:58:03
1352,19XFA1E,17:36:02,,18:26:09,,19:26:27,19:57:26
1353,WA1UFAF,17:36:13,17:42:24,,18:05:46,,18:58:16
1354,1FTMF1E,17:36:21,,18:35:07,,19:45:48,20:19:47
1355,JHMZF1C,17:36:35,17:50:10,,18:26:31,,19:33:54
1356,1GYUCCE,17:37:20,17:42:15,,18:01:46,,18:49:44
1357,JM1NC2E,17:37:20,17:45:25,,18:11:30,,19:07:32
1358,1FTWW3A,17:37:22,,18:34:42,18:45:17,19:15:52,19:52:29
1359,3MZBM1L,17:38:13,17:49:46,,18:22:06,,19:24:25
1360,JTHKD5B,17:38:51,,18:28:27,18:37:53,19:07:47,19:37:25
1361,3VW8S7A,17:40:05,,18:31:52,,19:33:44,20:04:17
1362,JN8AZ2N,17:41:07,17:49:46,,18:16:17,,19:13:06
1363,WUAUUAF,17:41:35,17:51:28,,18:19:35,18:44:38,19:11:26
1364,1YVHZ8B,17:42:51,17:51:46,,18:18:49,,19:15:06
1365,YV126MF,17:43:16,17:56:03,,18:30:21,19:04:16,19:35:03
1366,4A31K3D,17:43:47,,18:28:05,,19:21:47,19:49:12
1367,SCBLC47,17:44:31,17:52:52,,18:19:11,,19:15:45
1368,2G61N5S,17:44:55,,18:34:58,,19:35:44,20:06:25
1369,1G4GA5E,17:45:22,17:52:54,,18:17:58,18:46:40,19:15:35
1370,3D73M4E,17:46:18,,18:39:09,,19:41:48,20:11:53
1371,1GYFK23,17:47:36,,18:26:00,,19:14:26,19:35:14
1372,KMHGC4D,17:47:54,,18:31:26,,19:24:32,19:48:38
1373,5GAKRCE,17:48:16,17:57:20,,18:25:38,,19:23:46
1374,1FTSW2B,17:49:05,,18:43:36,,19:49:31,20:22:00
1375,WAUEKAF,17:49:08,,18:36:27,,19:34:01,20:02:57
1376,WVWAP7A,17:49:21,,18:37:29,,19:36:25,20:06:08
1377,WAUMFAF,17:51:01,18:02:17,,18:35:25,19:11:48,19:44:05
1378,1G6DL5E,17:53:14,,18:48:58,,19:55:42,20:28:35
1379,WAUEL74,17:53:18,17:59:06,,18:19:48,,19:08:40
1380,WAUJFAF,17:53:21,,18:42:28,,19:42:26,20:12:24
1381,WVGEP9B,17:53:30,17:56:49,,18:13:09,18:42:46,19:08:17
1382,3VW1K7A,17:54:32,,18:40:16,18:47:51,19:13:01,19:39:53
1383,JN8AF5M,17:54:55,18:01:05,,18:24:18,,19:16:49
1384,WBA1F7C,17:54:56,,18:42:31,,19:40:20,20:07:34
1385,WAUNE78,17:56:00,18:03:20,,18:27:37,,19:20:44
1386,WBADT53,17:56:03,18:07:44,,,19:23:24,19:55:30
1387,WA1KK98,17:56:03,,18:45:10,,19:45:00,20:14:35
1388,SCBBR53,17:56:13,18:10:34,,18:49:43,,19:59:52
1389,WA1LFAF,17:56:29,,18:42:51,18:52:09,19:21:25,19:47:38
1390,1HGCR6F,17:57:16,18:03:25,,18:27:07,18:53:23,19:19:32
1391,YV1902F,17:57:56,,18:44:59,,19:42:22,20:10:38
1392,WP0CA2A,17:58:13,,18:46:20,18:54:13,,19:46:33
1393,WBA3T3C,17:58:35,18:06:45,,18:33:32,,19:28:50
1394,JH4KA96,18:01:32,18:08:09,,18:31:52,,19:24:33
1395,WVGEF9B,18:02:21,18:13:17,,18:44:09,19:14:43,19:45:11
1396,WBAPK5C,18:02:48,,19:02:06,,20:12:24,20:46:17
1397,1G6DC8E,18:03:21,,19:01:14,19:13:05,19:46:44,20:22:54
1398,SCFAD22,18:04:14,18:13:24,,18:43:12,,19:42:34
1399,KNADH5A,18:05:09,,18:55:49,19:07:33,19:40:10,20:10:31
1400,JN8AZ2K,18:05:19,18:11:44,,18:33:58,,19:24:49
1401,JH4CL95,18:06:47,18:12:48,,,19:17:24,19:47:02
1402,WAUHF98,18:08:29,,19:01:25,,20:04:54,20:36:43
1403,WAUMFAF,18:09:20,18:18:10,,18:44:57,19:14:47,19:33:26
1404,1GD21ZC,18:09:24,,18:58:55,,19:58:14,20:27:16
1405,3FA6P0S,18:09:38,18:21:30,,18:55:20,,20:00:14
1406,WDDHF2E,18:10:54,18:19:13,,18:45:45,,19:41:33
1407,1N6AD0C,18:11:51,,19:05:19,19:20:37,,20:22:18
1408,WAUGL98,18:12:28,18:22:05,,18:50:54,,19:49:00
1409,NM0KS7D,18:13:01,18:23:12,,18:54:52,19:26:08,20:10:18
1410,WAUAFAF,18:13:16,,18:51:42,18:57:19,19:18:00,19:38:17
1411,JM1NC2J,18:13:36,,19:09:15,,20:16:02,20:48:32
1412,YV140MA,18:14:05,18:23:47,,18:52:41,19:22:00,19:47:17
1413,JTHDU1E,18:16:00,18:28:53,,19:03:39,19:36:03,20:06:48
1414,WAUFFAF,18:16:06,18:31:42,,19:13:01,,20:26:19
1415,1FTEX1C,18:16:54,18:29:35,,19:05:25,,20:12:48
1416,3D73Y3C,18:16:56,18:27:51,,18:58:04,,19:58:29
1417,YV1382M,18:17:44,18:31:36,,,19:48:17,20:24:10
1418,YV4902D,18:17:48,18:22:21,,18:40:46,,19:27:01
1419,5N1AR1N,18:18:07,18:28:37,,19:00:11,,20:01:22
1420,1N6AD0C,18:18:39,,19:07:29,,20:06:12,20:35:28
1421,3MZBM1L,18:18:48,,19:20:18,,20:33:26,21:08:12
1422,JTHBB1B,18:19:02,18:25:41,,18:47:52,,19:39:11
1423,1GKLRKE,18:19:09,18:26:27,,18:50:50,,19:44:49
1424,JN1AY1A,18:19:10,18:27:29,,18:53:47,,19:49:11
1425,WAUJC68,18:19:20,,19:02:50,19:11:10,,20:00:24
1426,1GD21ZC,18:19:44,,19:12:41,,20:16:30,20:48:11
1427,4T1BD1F,18:20:46,18:26:37,,18:47:01,,19:35:12
1428,5UXFB93,18:21:04,,19:12:39,19:23:38,,20:29:58
1429,4USBU53,18:22:02,,19:11:18,19:20:09,19:47:00,20:16:45
1430,1C3BCBF,18:23:19,18:34:24,,19:06:53,19:38:32,20:08:42
1431,JN1BY1P,18:24:06,18:34:35,,19:04:40,,20:05:38
1432,5FNRL3H,18:24:12,18:35:39,,,19:52:23,20:24:10
1433,WA1WMAF,18:24:27,18:36:25,,,19:49:32,20:19:40
1434,SCFBF04,18:25:37,18:35:19,,19:03:58,19:25:27,19:53:34
1435,JN1CV6F,18:25:52,18:31:34,,18:52:35,,19:42:42
1436,1N4AL3A,18:26:14,,19:16:48,,20:17:29,20:47:42
1437,3VWJX7A,18:26:40,18:35:08,,19:02:18,,19:59:45
1438,1GYUKEE,18:27:55,18:39:48,,,19:56:27,20:26:59
1439,JTEBU4B,18:28:09,18:36:12,,19:02:21,,19:58:34
1440,WUADUAF,18:29:22,,19:17:15,,20:15:04,20:43:19
1441,1G6AM1R,18:29:26,,19:27:52,,20:37:53,21:11:18
1442,WBAKG7C,18:29:27,,19:11:57,,20:03:41,20:29:47
1443,JH4NA21,18:30:10,,19:23:08,,20:25:28,20:56:36
1444,WBAUN13,18:30:41,18:36:36,,18:58:12,19:27:00,19:52:53
1445,1FTMF1C,18:31:02,18:41:55,,19:13:00,,20:15:18
1446,1GYS4JE,18:31:27,18:41:46,,,19:56:18,20:26:48
1447,WP0AA2A,18:32:50,18:44:15,,,19:57:20,20:28:25
1448,1FBNE3B,18:33:25,18:42:29,,19:10:41,,20:09:38
1449,1G6DF8E,18:33:49,,19:31:55,19:44:53,,20:52:32
1450,1J4PN2G,18:33:53,18:44:46,,19:16:28,19:51:59,20:24:41
1451,WAUET48,18:34:02,,19:36:27,,20:51:20,21:26:21
1452,19VDE2E,18:35:09,18:44:18,,19:12:46,,20:11:19
1453,WAUEH78,18:35:47,18:42:45,,19:04:47,,19:55:04
1454,WAUUL78,18:36:29,18:47:15,,19:17:21,,20:18:49
1455,2T2BK1B,18:36:39,18:49:26,,19:24:01,,20:29:54
1456,JTJBM7F,18:37:32,,19:23:02,,20:18:12,20:46:27
1457,WBAAX13,18:37:33,18:46:20,,,19:48:53,20:15:35
1458,WDDEJ7H,18:38:14,18:46:55,,19:13:04,19:39:45,20:05:22
1459,WA1CYAF,18:41:09,,19:42:22,,20:55:26,21:30:25
1460,WBAGH03,18:41:15,18:52:54,,19:26:05,20:03:07,20:36:28
1461,4T1BD1E,18:43:07,,19:35:42,19:46:49,20:18:56,20:50:42
1462,WBA6A0C,18:43:14,18:52:41,,19:20:42,,20:18:58
1463,1GYS4CE,18:43:32,18:54:11,,19:25:59,,20:28:38
1464,1GD01ZC,18:43:43,,19:34:21,,20:34:37,21:05:30
1465,WBA3R1C,18:44:01,18:57:03,,19:33:22,20:06:10,20:40:04
1466,1J4NF1G,18:45:00,,19:30:45,,20:25:31,20:53:08
1467,2C3CDZB,18:45:33,18:55:35,,19:26:59,20:02:38,20:34:51
1468,1J4AA2D,18:45:54,18:57:05,,19:29:39,20:00:43,20:36:19
1469,WAUDFAF,18:45:54,,19:44:21,19:54:46,20:26:43,21:03:20
1470,1G6DV5E,18:46:43,18:54:07,,19:18:14,,20:11:55
1471,WBAAN37,18:47:25,,19:41:01,19:52:34,20:24:42,20:57:21
1472,1D7CW2B,18:48:03,18:53:04,,19:13:39,,20:02:27
1473,2C3CDZA,18:48:22,18:54:19,,19:15:51,19:36:19,19:57:41
1474,2T3BFRE,18:48:56,18:56:37,,,20:00:30,20:28:03
1475,WA1VFAF,18:48:58,19:03:50,,19:42:51,,20:54:32
1476,WAUCH74,18:49:05,18:58:26,,19:26:34,,20:24:04
1477,5XXGM4A,18:49:09,18:59:52,,19:30:08,,20:32:00
1478,WBA5M6C,18:49:38,19:02:31,,19:37:43,20:08:34,20:39:07
1479,1GYS3BE,18:50:25,,19:25:14,19:33:17,,20:25:25
1480,1N6AF0L,18:51:00,19:02:24,,19:35:09,20:07:39,20:42:59
1481,WBAEV33,18:52:35,,19:41:00,19:49:33,,20:46:45
1482,WUADUAF,18:52:49,19:04:36,,19:36:48,20:07:34,20:45:26
1483,YV1672M,18:53:04,19:05:31,,19:40:21,,20:45:37
1484,WBAEK13,18:53:31,19:05:51,,19:41:13,,20:47:51
1485,5TFCM5F,18:54:01,19:09:13,,,20:29:28,21:02:36
1486,WBSDE93,18:54:35,19:05:03,,,20:16:32,20:48:13
1487,WDDGF4H,18:54:52,,19:42:21,,20:38:53,21:07:33
1488,5J6TF1H,18:55:02,,19:48:04,,20:52:33,21:24:26
1489,WAUDFAF,18:55:37,19:06:00,,19:37:09,,20:38:25
1490,WBA3C1C,18:56:43,19:11:19,,19:49:37,,20:59:09
1491,WAUGL68,18:57:22,19:10:14,,19:44:36,,20:50:15
1492,WAUDG68,18:57:48,,19:56:10,,21:04:42,21:42:06
1493,4JGCB2F,18:57:52,,19:50:18,20:00:20,,21:12:35
1494,JH4KB16,18:58:02,19:04:36,,19:27:07,,20:18:23
1495,WAUNF78,18:58:21,19:07:47,,19:37:04,20:03:20,20:25:23
1496,3VW467A,18:58:22,19:06:25,,19:33:40,,20:30:45
1497,3N6CM0K,18:58:39,19:07:08,,,20:10:22,20:39:37
1498,JN8AE2K,18:58:40,19:07:03,,19:34:24,,20:31:13
1499,1D4PT7G,18:58:54,,19:52:08,,20:56:20,21:27:47
1500,1D4PT7G,18:58:54,,19:52:08,,20:56:20,21:27:47
1501,1D4PT7G,18:58:54,,19:52:08,,20:56:20,21:27:47